ccyy,hmc_mean,dhi_mean,hmchous_mean,hchous_mean,hmc_wor_scaled_mean,hmc_scaled_mean,hmc_wor_pred_scaled_mean,hmc_pred_scaled_mean,dhi_conc_dhi,hmc_conc_dhi,hmc_wor_conc_dhi,tax_eff_ours_conc_dhi,tax_eff_ours_wor_conc_dhi,inc_5_ours_conc_dhi,inc_5_ours_wor_conc_dhi,hmc_medianized_predict_conc_dhi,hmc_wor_pred_conc_dhi,tax_eff_ours_pred_conc_dhi,tax_eff_ours_wor_pred_conc_dhi,inc_5_ours_pred_conc_dhi,inc_5_ours_wor_pred_conc_dhi,inc_5_ours_conc_inc_5_ours,inc_5_ours_wor_conc_inc_5_ours_wor,inc1_conc_inc1,inc2_conc_inc2,inc3_conc_inc3,inc4_conc_inc4,inc_5_ours_pred_conc_inc_5_ours_pred,inc_5_ours_wor_pred_conc_inc_5_ours_wor_pred,gini_dhi_scope_hmc
au81,.,5562.8017,.,.,.,.,.,4276.201,.31211276,.,.,.,.,.,.,.18647829,.,.18647829,.,.32688081,.,.,.,.40440541,.35367443,.32757131,.2822265,.32688081,.,.
au85,.,7817.8192,.,.,.,.,.,6213.8989,.32362822,.,.,.,.,.,.,.19233419,.,.19233419,.,.3422255,.,.,.,.43905703,.37891359,.34918647,.29531632,.3422255,.,.
au89,.,10964.158,2363.8144,6057.0383,.,.,8425.194,8909.307,.33016825,.,.,.,.,.,.,.19587076,.1994134,.19587076,.1994134,.34785024,.34708333,.,.,.43853642,.38740007,.35523459,.30474321,.34785024,.34713955,.
au95,.,12281.119,1416.4067,1416.4345,.,.,10010.159,10556.14,.32329047,.,.,.,.,.,.,.19037309,.19678609,.19037309,.19678609,.34143825,.34026726,.,.,.47788987,.4114231,.35719355,.30837649,.34143825,.34030923,.
au01,.,16246.105,1820.4336,1820.4526,.,.,13407.794,14127.49,.33209047,.,.,.,.,.,.,.19570002,.20230336,.19570002,.20230336,.3523882,.35124288,.,.,.49405331,.42413769,.36786775,.31920675,.3523882,.35129131,.
au03,.,17742.085,2059.2933,2059.3111,.,.,15108.486,15871.467,.33181305,.,.,.,.,.,.,.19544252,.20052857,.19544252,.20052857,.35341162,.35244621,.,.,.48335107,.41577337,.36386371,.31522866,.35341162,.35249559,.
au08,.,28295.514,2975.5382,10360.246,.,.,21604.474,22747.964,.3529966,.,.,.,.,.,.,.20400333,.21100011,.20400333,.21100011,.37132024,.37029857,.,.,.48920845,.43056981,.3862311,.34081043,.37132024,.37033523,.
au10,36222.306,29520.786,4000.7195,13018.701,22420.935,23653.804,22420.935,23653.802,.34547054,.18155532,.19575826,.18155532,.19575826,.36650781,.3646047,.20174728,.21054248,.20174728,.21054248,.36277253,.36283597,.3682847,.36668748,.49023243,.42301779,.37330358,.3343382,.36277253,.36287048,.34656291
at87,.,107967.34,.,.,.,.,.,.,.23045189,.,.,.,.,.,.,.13429431,.,.,.,.,.,.,.,.,.,.,.,.,.,.
at97,.,147776.26,18566.976,18567.22,.,.,119449.31,123482.58,.30129001,.,.,.,.,.,.,.17694356,.17832714,.17694356,.17832714,.32896839,.32849353,.,.,.43592801,.31178453,.27219441,.,.32896839,.32854166,.
at00,.,162709.3,12453.428,12453.815,.,.,131864.55,136065,.28770056,.,.,.,.,.,.,.16836273,.16951893,.16836273,.16951893,.31372918,.31333672,.,.,.43202696,.29917989,.25964395,.,.31372918,.31339811,.
at04,.,14003.849,2787.7953,5805.1767,.,.,11551.874,11925.098,.29958391,.,.,.,.,.,.,.17356883,.17683468,.17356883,.17683469,.32753809,.32666322,.,.,.45781435,.34034245,.31310143,.2724487,.32753809,.32666976,.
at07,.,15222.927,3030.6052,4894.9447,.,.,12103.844,12519.39,.30591491,.,.,.,.,.,.,.17967176,.18381155,.17967176,.18381155,.33163603,.3306541,.,.,.49269088,.36963341,.33291278,.28880083,.33163603,.33066053,.
at10,.,17080.234,3491.2738,5921.4442,.,.,13930.156,14466.984,.30321311,.,.,.,.,.,.,.17816551,.18254712,.17816552,.18254712,.32909941,.3280032,.,.,.49980293,.37423692,.32985707,.28484333,.32909941,.32801068,.
at13,.,18495.651,3756.7187,5923.8321,.,.,15439.109,16067.714,.31061961,.,.,.,.,.,.,.18014333,.18497207,.18014333,.18497207,.33920631,.33792762,.,.,.50661087,.36939084,.32848687,.28608163,.33920631,.33793844,.
be85,.,225477.53,.,.,.,.,.,.,.25081786,.,.,.,.,.,.,.14613855,.,.,.,.,.,.,.,.4191912,.30041717,.22842843,.,.,.,.
be88,.,247302.81,.,.,.,.,.,.,.25421426,.,.,.,.,.,.,.14694808,.,.,.,.,.,.,.,.42656602,.30517905,.23248688,.,.,.,.
be92,.,301397.62,1726.0968,1726.5203,.,.,.,.,.24324097,.,.,.,.,.,.,.14207377,.,.,.,.,.,.,.,.45470396,.33044576,.28729939,.2247282,.,.,.
be97,.,390641.66,.,109852.72,.,.,.,316851.54,.26713668,.,.,.,.,.,.,.15697449,.,.15697449,.,.28804331,.,.,.,.48494145,.37522413,.32486234,.25197562,.28804331,.,.
br06,.,5779.5616,248.83549,249.2792,.,.,.,.,.53273053,.,.,.,.,.,.,.31818089,.,.,.,.,.,.,.,.59502118,.54515609,.5260309,.50457532,.,.,.
br09,.,7485.6243,332.31606,332.76751,.,.,.,.,.50912006,.,.,.,.,.,.,.30259047,.,.,.,.,.,.,.,.5743726,.52176523,.50271597,.47992015,.,.,.
br11,.,8928.5306,432.0391,432.49405,.,.,.,8122.0726,.49903162,.,.,.,.,.,.,.29732846,.,.29732846,.,.55442916,.,.,.,.57046844,.51158005,.49355782,.47032542,.55442916,.,.
br13,.,11097.351,578.87075,579.32815,.,.,.,10045.261,.48997201,.,.,.,.,.,.,.28996488,.,.28996488,.,.54158141,.,.,.,.56936048,.5067905,.48573411,.46113287,.54158141,.,.
ca71,.,2445.2771,.,.,.,.,.,.,.36641193,.,.,.,.,.,.,.22140978,.,.,.,.,.,.,.,.40386961,.37468946,.34815031,.31729262,.,.,.
ca75,.,4210.1592,.,.,.,.,.,.,.32934824,.,.,.,.,.,.,.19690837,.,.,.,.,.,.,.,.38515919,.35272203,.31864162,.29021074,.,.,.
ca81,.,8135.8065,.,.,.,.,.,.,.32263237,.,.,.,.,.,.,.19176772,.,.,.,.,.,.,.,.38120357,.3459928,.31447525,.28599906,.,.,.
ca87,.,11552.603,.,.,.,.,.,.,.31423602,.,.,.,.,.,.,.18599892,.,.,.,.,.,.,.,.40657095,.35627736,.31920819,.28496271,.,.,.
ca91,.,14058.492,.,.,.,.,.,.,.3093899,.,.,.,.,.,.,.18261701,.,.,.,.,.,.,.,.42792992,.3732899,.32472831,.28434755,.,.,.
ca94,.,14831.182,.,.,.,.,.,.,.31161421,.,.,.,.,.,.,.18426992,.,.,.,.,.,.,.,.45048215,.38165852,.32960922,.28729332,.,.,.
ca97,.,15666.768,.,.,.,.,.,.,.31617142,.,.,.,.,.,.,.18823765,.,.,.,.,.,.,.,.45214411,.38016344,.33697492,.2961511,.,.,.
ca98,.,16301.891,.,.,.,.,.,.,.33162708,.,.,.,.,.,.,.1951011,.,.,.,.,.,.,.,.48370773,.40806582,.35869631,.31411503,.,.,.
ca00,.,17282.141,.,.,.,.,.,.,.33345618,.,.,.,.,.,.,.19576869,.,.,.,.,.,.,.,.47570361,.40097371,.36213717,.31989967,.,.,.
ca04,.,20440.988,.,.,.,.,.,.,.3374388,.,.,.,.,.,.,.19882378,.,.,.,.,.,.,.,.48334729,.40176345,.36282808,.32389273,.,.,.
ca07,.,23874.95,.,.,.,.,.,.,.33843207,.,.,.,.,.,.,.19720229,.,.,.,.,.,.,.,.48095711,.40032585,.36165393,.32157541,.,.,.
ca10,.,25502.14,.,.,.,.,.,.,.33594436,.,.,.,.,.,.,.19662432,.,.,.,.,.,.,.,.48900651,.41164872,.35991239,.31955932,.,.,.
ca13,.,27847.708,.,.,.,.,.,.,.33800276,.,.,.,.,.,.,.20216813,.,.,.,.,.,.,.,.48362148,.40564774,.35939807,.32253386,.,.,.
cn02,6148.7561,5005.5321,.,582.02961,.,.,.,.,.44652159,.35128607,.,.,.,.,.,.26850603,.,.,.,.,.,.,.,.4220821,.41507904,.41291153,.40885524,.,.,.44652159
co07,.,3464780.8,439059.18,1462297.6,.,.,.,3229277.9,.58920331,.,.,.,.,.,.,.35458471,.,.35458471,.,.62075379,.,.,.,.58026728,.57964862,.57845639,.56546189,.62075379,.,.
cz92,.,32104.18,.,.,.,.,.,.,.20704417,.,.,.,.,.,.,.11678434,.,.,.,.,.,.,.,.40229007,.27183114,.23216367,.20719443,.,.,.
cz96,.,62070.678,.,.,.,.,.,56895.988,.25782687,.,.,.,.,.,.,.1469945,.,.1469945,.,.28202829,.,.,.,.43375721,.32385854,.29428051,.2563807,.28202829,.,.
cz02,.,93156.071,.,.,.,.,.,85274.444,.26550269,.,.,.,.,.,.,.15152274,.,.15152274,.,.28717457,.,.,.,.47451772,.34365389,.30167356,.26100837,.28717457,.,.
cz04,.,104342.8,30842.45,35124.541,.,.,93563.46,97359.176,.27372333,.,.,.,.,.,.,.15682429,.16048875,.15682429,.16048876,.29980967,.29874221,.,.,.47883331,.34979398,.31213777,.2718568,.29980967,.29875121,.
cz07,.,130076.55,38881.624,43028.823,.,.,116646.76,120929.5,.25525384,.,.,.,.,.,.,.14636237,.14910717,.14636237,.14910717,.27991571,.27910051,.,.,.45792265,.32877362,.29912781,.2576842,.27991571,.27911478,.
cz10,.,148031.41,44104.712,45813.705,.,.,129176.14,134379.78,.26579985,.,.,.,.,.,.,.15362076,.15715769,.15362076,.15715769,.29063911,.28963392,.,.,.45949739,.321922,.29779332,.26405914,.29063911,.28964672,.
cz13,.,157623.87,46675.683,49681.027,.,.,142351.92,147406.26,.26608833,.,.,.,.,.,.,.15251001,.15567543,.15251001,.15567543,.29493814,.29397665,.,.,.47172207,.3275235,.30188071,.26651656,.29493814,.2939868,.
dk87,.,75664.732,.,4532.2386,.,.,.,.,.25989513,.,.,.,.,.,.,.15156757,.,.,.,.,.,.,.,.41674678,.32970116,.28148732,.25652596,.,.,.
dk92,.,87381.249,.,4313.1861,.,.,.,.,.24469413,.,.,.,.,.,.,.14237926,.,.,.,.,.,.,.,.45049058,.35044936,.28279374,.23998288,.,.,.
dk95,.,95237.273,27801.304,28658.598,.,.,85887.233,92832.155,.22922447,.,.,.,.,.,.,.13100161,.11992347,.13100161,.11992347,.26638354,.22744569,.,.,.45262773,.33656776,.26490691,.22583196,.26638355,.2289298,.
dk00,.,114014.89,31505.968,32898.394,.,.,111883.91,120651.05,.2373684,.,.,.,.,.,.,.13642402,.1298735,.13642402,.1298735,.28461302,.25158993,.,.,.44341293,.3308886,.27452386,.22976292,.28461302,.25262987,.
dk04,.,130173.96,19095.575,37729.471,.,.,120710.69,130914.09,.24156762,.,.,.,.,.,.,.13925819,.14652356,.13925819,.14652356,.28558133,.28151263,.,.,.45373421,.33543048,.27375304,.23263869,.28558133,.28204292,.
dk07,.,144853.59,.,31583.443,.,.,.,156860.72,.25216136,.,.,.,.,.,.,.14399667,.,.14399667,.,.30654387,.,.,.,.4477903,.33471061,.28630869,.24422847,.30654389,.,.
dk10,.,160271.19,.,26266.263,.,.,.,158802.41,.26006031,.,.,.,.,.,.,.14762498,.,.14762498,.,.30318818,.,.,.,.47863732,.35031373,.29480083,.25910174,.30318818,.,.
dk13,.,165427.27,.,26010.279,.,.,.,162680.11,.25734913,.,.,.,.,.,.,.14774891,.,.14774891,.,.2991591,.,.,.,.48633299,.35174409,.29331274,.25726085,.2991591,.,.
do07,105892.84,59300.091,11439.298,23797.212,.,.,.,.,.53681031,.35408475,.34237908,.,.,.,.,.3186632,.,.,.,.,.,.,.,.56732113,.56938961,.56428389,.55800374,.,.,.53681031
eg12,.,5773.5719,.,.,.,.,.,.,.5379827,.,.,.,.,.,.,.30443986,.,.,.,.,.,.,.,.56004817,.52969988,.52328259,.,.,.,.
ee00,45220.171,27702.249,5990.5975,6640.9824,28188.239,28655.352,28188.24,28655.352,.36261788,.24929923,.25757399,.24929923,.25757399,.39649878,.39397727,.20993426,.21017989,.20993426,.21017989,.40826842,.40812611,.4067713,.40510572,.50582331,.38839863,.36222395,.3430463,.40826842,.40814463,.36261788
ee04,.,40068.919,8601.2652,8601.2719,.,.,45412.011,46095.223,.34181807,.,.,.,.,.,.,.20122317,.20217455,.20122317,.20217455,.39061936,.39024405,.,.,.50592544,.402212,.38457123,.35335616,.39061936,.39024848,.
ee07,.,69036.096,10968.315,34357.488,.,.,74058.541,75949.498,.31139153,.,.,.,.,.,.,.18277958,.18490405,.18277958,.18490405,.35853479,.35758619,.,.,.45348296,.35720193,.34200244,.31580511,.3585348,.35759616,.
ee10,.,71280.796,13964.719,25626.518,.,.,66703.088,67839.663,.3206758,.,.,.,.,.,.,.19071971,.19269855,.19071971,.19269855,.36038315,.35962963,.,.,.49056508,.37142049,.34945991,.32268284,.36038315,.35963276,.
ee13,.,6035.8129,1088.3454,1731.8921,.,.,6030.2573,6157.1988,.34812124,.,.,.,.,.,.,.20636937,.20926328,.20636937,.20926328,.39436471,.39327014,.,.,.51050177,.39232209,.37960571,.35465905,.39436473,.39327748,.
fi87,.,39431.863,.,2813.5121,.,.,.,.,.221723,.,.,.,.,.,.,.12835072,.,.,.,.,.,.,.,.39015286,.29166509,.26065319,.20848542,.,.,.
fi91,.,55029.996,8704.9165,14064.842,.,.,.,.,.22878388,.,.,.,.,.,.,.13245539,.,.,.,.,.,.,.,.40853979,.30125239,.25931115,.21132969,.,.,.
fi95,.,54815.081,.,6482.3697,.,.,.,48117.438,.23457178,.,.,.,.,.,.,.13361594,.,.13361594,.,.26590304,.,.,.,.48266273,.35847868,.27227315,.21918506,.26590304,.,.
fi00,.,68456.105,.,9331.6545,.,.,.,62747.776,.271491,.,.,.,.,.,.,.15338077,.,.15338077,.,.311978,.,.,.,.48331478,.36594492,.30463507,.25749325,.311978,.,.
fi04,.,13874.239,.,1946.5412,.,.,.,12436.726,.28256706,.,.,.,.,.,.,.15782405,.,.15782405,.,.321497,.,.,.,.49041867,.36990628,.31297543,.26855866,.321497,.,.
fi07,.,15882.877,.,2905.5243,.,.,.,14624.824,.28199963,.,.,.,.,.,.,.16067179,.,.16067179,.,.31856073,.,.,.,.48115286,.36575448,.30949575,.26905256,.31856073,.,.
fi10,.,17195.239,.,3323.8959,.,.,.,15087.052,.27764783,.,.,.,.,.,.,.15915691,.,.15915691,.,.30886759,.,.,.,.49113522,.36300426,.30682437,.26625907,.30886759,.,.
fi13,.,18637.023,.,3865.2587,.,.,.,16633.617,.27220016,.,.,.,.,.,.,.15642979,.,.15642979,.,.30687426,.,.,.,.49968019,.36427288,.30825319,.263997,.30687426,.,.
fr78,37383.811,21732.808,5006.3801,.,16133.133,16793.52,16133.134,16793.52,.34904751,.14904922,.14873405,.14904922,.14873405,.38479011,.38446276,.20225445,.20434889,.20225445,.20434889,.37528156,.37463011,.38850469,.38866497,.,.,.,.,.37528156,.37466013,.34904751
fr84,79855.327,41346.883,21432.79,21432.791,33362.847,34594.868,33362.848,34594.869,.36394276,.17021909,.17281951,.17021909,.17281951,.40245117,.40155211,.20827592,.20994304,.20827592,.20994304,.39488623,.39424692,.40577912,.40585637,.,.,.,.,.39488623,.39425812,.36394276
fr89,100232.17,49554.394,27557.183,27557.183,41339.374,43027.507,41339.374,43027.509,.31714486,.1977832,.20963528,.1977832,.20963528,.34227119,.33953498,.18534655,.18611509,.18534655,.18611509,.34488918,.34443333,.34642816,.34492997,.,.,.,.,.34488918,.34444713,.31714486
fr94,116801.22,64632.645,26701.266,26701.268,51907.005,54350.378,51907.005,54350.378,.32319753,.1800508,.18729247,.1800508,.18729247,.33744557,.33566713,.1858565,.18034104,.1858565,.18034104,.3496878,.33701358,.34096148,.3401303,.,.,.,.,.3496878,.33703709,.31159134
fr00,96981.578,70108.553,8028.2247,23089.128,56790.751,59462.17,56790.751,59462.172,.31070863,.1716663,.16622777,.1716663,.16622777,.33867103,.33947911,.18030264,.17787431,.18030264,.17787431,.3369342,.33715993,.35338266,.34555203,.47512652,.37000215,.30515479,.28215108,.3369342,.33925462,.31070863
fr05,15716.461,12188.377,2825.4543,5277.5302,9833.0296,10318.794,9833.0302,10318.794,.31648985,.13491784,.15114184,.13491784,.15114184,.35123226,.3477823,.18438815,.19048879,.18438815,.19048879,.3417665,.34033581,.35719842,.35548799,.4708091,.36706468,.30385302,.28373837,.3417665,.34036784,.31648985
fr10,18013.192,15562.754,2594.9911,7114.3794,12208.989,12857.052,12208.989,12857.051,.31760199,.14664833,.15495118,.14664833,.15495118,.34711198,.34532952,.18434469,.1889642,.18434469,.1889642,.34060484,.33953123,.35068063,.34981767,.48789625,.37057909,.31270725,.29039536,.34060484,.33956311,.31760199
ge10,2865.8293,1624.636,317.20653,.,.,.,.,.,.45578654,.29049165,.29479604,.,.,.,.,.27461566,.,.,.,.,.,.,.,.59250442,.48559325,.46700004,.,.,.,.45578654
ge13,3818.6843,2317.4946,443.08883,.,.,.,.,.,.41449376,.28145667,.28403513,.,.,.,.,.24507993,.,.,.,.,.,.,.,.55317034,.4553685,.43582637,.,.,.,.41449376
de73,10431.911,9103.1016,745.01342,745.24921,.,.,.,.,.29868411,.15423072,.15969935,.,.,.,.,.17320394,.,.,.,.,.,.,.,.38377725,.35740304,.28994244,.27136932,.,.,.29868411
de78,14622.545,13368.165,944.72242,944.99811,.,.,.,.,.28533053,.15209244,.15950146,.,.,.,.,.16292494,.,.,.,.,.,.,.,.42596019,.3100473,.29431649,.26463464,.,.,.28533053
de81,.,13203.548,.,.,.,.,.,.,.28127594,.,.,.,.,.,.,.16302495,.,.,.,.,.,.,.,.40844708,.30072825,.27466817,.24565924,.,.,.
de83,21604.751,17405.97,1506.2242,1506.5165,.,.,.,.,.28434025,.14987804,.15878705,.,.,.,.,.16318484,.,.,.,.,.,.,.,.43245707,.31601249,.29395213,.26693723,.,.,.28434025
de84,.,14497.618,2800.1979,3494.5235,.,.,.,.,.28480873,.,.,.,.,.,.,.16593918,.,.,.,.,.,.,.,.4464164,.3277802,.30752921,.25677367,.,.,.
de89,.,17764.063,4457.3011,5326.7348,.,.,.,.,.28490868,.,.,.,.,.,.,.16479975,.,.,.,.,.,.,.,.44760896,.32931261,.31099193,.26000151,.,.,.
de94,.,20752.613,6151.4596,7287.2025,.,.,.,.,.29171858,.,.,.,.,.,.,.17029654,.,.,.,.,.,.,.,.46501934,.34647846,.31682329,.26674866,.,.,.
de00,.,24429.009,6775.6281,8392.1775,.,.,19146.979,20887.755,.28825179,.,.,.,.,.,.,.16733213,.17297519,.16733213,.17297519,.30772754,.30419818,.,.,.48106923,.35503331,.32171955,.26320199,.30772754,.30438787,.
de04,.,13568.911,3786.7587,4626.6722,.,.,10434.048,11373.477,.30431911,.,.,.,.,.,.,.17455745,.17953357,.17455745,.17953357,.3240138,.31905784,.,.,.51321,.38141478,.34014294,.2808934,.3240138,.3191302,.
de07,.,14690.777,3969.237,4915.3214,.,.,11332.821,12329.376,.31315116,.,.,.,.,.,.,.17821432,.18486168,.17821432,.18486168,.33544109,.33149805,.,.,.52590556,.38970516,.34962212,.2943376,.33544109,.3315747,.
de10,.,15307.711,4499.3372,5525.0647,.,.,11851.63,12883.351,.30218419,.,.,.,.,.,.,.17484776,.18320714,.17484776,.18320714,.32279395,.32096939,.,.,.52046048,.38308491,.34290854,.29027379,.32279395,.32102603,.
de13,.,16266.89,4449.3789,5584.0933,.,.,12726.156,13786.043,.3113334,.,.,.,.,.,.,.17901205,.18640042,.17901205,.18640042,.33347075,.33039277,.,.,.53512219,.39439581,.35274611,.29610356,.33347075,.3304718,.
gr95,.,1289340.2,.,.,.,.,.,1094367.3,.36506327,.,.,.,.,.,.,.21752044,.,.21752044,.,.38973202,.,.,.,.47119095,.35912987,.35347074,.,.38973202,.,.
gr00,.,1807268.3,.,.,.,.,.,1734450.8,.34075605,.,.,.,.,.,.,.20191704,.,.20191704,.,.36894079,.,.,.,.4717445,.34714192,.34087879,.,.36894079,.,.
gr04,.,7595.6688,2921.7987,4975.2921,.,.,6977.2579,7205.6868,.33187079,.,.,.,.,.,.,.19516792,.19843237,.19516792,.19843237,.3567592,.35608697,.,.,.46896682,.34905117,.34032341,.,.3567592,.3560905,.
gr07,.,8788.0185,3270.23,5612.7603,.,.,8230.1931,8493.2707,.33286671,.,.,.,.,.,.,.19325183,.19640886,.19325183,.19640886,.35995603,.3592349,.,.,.49449843,.37548619,.37216362,.32937579,.35995603,.35923933,.
gr10,.,8736.3413,3280.0794,5728.0471,.,.,8420.2609,8740.092,.33274212,.,.,.,.,.,.,.19776895,.20166268,.19776895,.20166268,.3600861,.35915016,.,.,.52253282,.37021805,.35699458,.32553677,.3600861,.35915289,.
gr13,.,6390.9381,3058.4436,5109.8735,.,.,6775.7112,7069.4141,.35369982,.,.,.,.,.,.,.21128499,.21643903,.21128499,.21643903,.39281962,.39124552,.,.,.56622579,.39135504,.37651191,.3452943,.39281962,.39125026,.
gt06,16909.103,9778.0073,1921.3493,4349.3864,.,.,.,.,.52703906,.3455988,.35316981,.,.,.,.,.31067675,.,.,.,.,.,.,.,.53374007,.53325634,.52547481,.50369043,.,.,.52703906
gt11,.,10143.555,495.57156,3100.8521,.,.,.,.,.55222034,.,.,.,.,.,.,.32328137,.,.,.,.,.,.,.,.56061031,.55960464,.55707158,.54852219,.,.,.
gt14,19883.363,10869.805,2509.8924,5380.2471,.,.,.,.,.44931456,.26203847,.27004754,.,.,.,.,.24742478,.,.,.,.,.,.,.,.46262341,.46386724,.45725926,.432729,.,.,.44931456
hu91,124838.39,112730.03,39817.572,39817.582,.,.,.,.,.29079075,.1191591,.13867906,.,.,.,.,.1692138,.,.,.,.,.,.,.,.47519606,.34560852,.28946636,.,.,.,.29079075
hu94,227031.78,182328.55,72122.441,72122.442,.,.,.,.,.33169266,.12493238,.14522588,.,.,.,.,.19305322,.,.,.,.,.,.,.,.5403982,.38843542,.32631789,.,.,.,.33169266
hu05,1060555.2,755356.88,148040.42,.,709189.69,714799.76,709189.68,714799.75,.30561717,.13804577,.14226648,.13804577,.14226648,.34215938,.34080949,.17459637,.17601504,.17459637,.17601504,.34538767,.34750357,.35185477,.35241268,.52791051,.33178304,.28656534,.,.34538767,.34750464,.29489542
hu07,1110643.7,837512.68,177778.87,.,822234.04,828825.03,822234.05,828825.06,.28436478,.13896754,.1395586,.13896754,.1395586,.33362993,.3333354,.16265255,.15986025,.16265255,.15986025,.32575811,.32280717,.34558254,.34804023,.5117692,.3219757,.26795297,.,.32575811,.3228083,.28303559
hu09,1259676.9,890281.73,268980.58,.,871751.98,879877.8,871751.97,879877.84,.29091383,.13810049,.14299918,.13810049,.14299918,.36400796,.36218951,.17161379,.18547085,.17161379,.18547085,.33330598,.36401216,.36985844,.36945036,.54046652,.3314743,.27163832,.,.33330598,.36401353,.30584285
hu12,1295563.6,1015969,299027.92,.,966026.29,976500.79,966026.34,976500.81,.30881234,.17294309,.17896378,.17294309,.17896378,.35963399,.35706853,.18363824,.18146788,.18363824,.18146789,.35802779,.35148747,.37026643,.36872275,.5403075,.3474535,.28955752,.,.35802779,.35149263,.30578665
is04,.,1544946.1,312817.36,313041.71,.,.,1710910.3,1777050.9,.2769699,.,.,.,.,.,.,.15566838,.15873065,.15566838,.15873065,.32766337,.32622938,.,.,.37653226,.31414735,.29313245,.26540641,.32766338,.32643522,.
is07,.,2201452.1,452197.04,1034704.4,.,.,2147206.8,2229914.7,.29253424,.,.,.,.,.,.,.16476594,.1665413,.16476594,.1665413,.34042432,.3382281,.,.,.384563,.32779392,.3097475,.28783907,.34042432,.33842489,.
is10,.,2332102,486422.1,1056373.1,.,.,2695589.2,2852957.1,.26257853,.,.,.,.,.,.,.15039856,.15538612,.15039856,.15538612,.29987398,.29728746,.,.,.40438135,.32959311,.29452383,.25445726,.29987399,.29747482,.
in04,20535.158,9894.475,1750.8288,1853.8461,.,.,.,.,.50136774,.21500913,.20661086,.,.,.,.,.29479331,.,.,.,.,.,.,.,.50183523,.50069654,.49234002,.,.,.,.50136774
in11,48647.95,25496.26,3991.1627,4114.0596,.,.,.,.,.5106635,.21756369,.21686538,.,.,.,.,.30007181,.,.,.,.,.,.,.,.53528159,.53079235,.51591938,.,.,.,.5106635
ie87,.,2883.6601,.,.,.,.,.,.,.35455676,.,.,.,.,.,.,.20684661,.,.,.,.,.,.,.,.51291846,.47186413,.3630689,.32620056,.,.,.
ie94,.,5101.4611,779.97383,780.19705,.,.,.,.,.36873854,.,.,.,.,.,.,.21059727,.,.,.,.,.,.,.,.51105407,.43080401,.31955516,.,.,.,.
ie95,.,5401.4746,851.95707,852.17314,.,.,.,.,.36966956,.,.,.,.,.,.,.21160087,.,.,.,.,.,.,.,.50439195,.42658638,.32793803,.,.,.,.
ie96,.,5753.6051,951.16091,951.37435,.,.,.,.,.35589176,.,.,.,.,.,.,.20393979,.,.,.,.,.,.,.,.49607826,.41826736,.31861103,.,.,.,.
ie04,.,13953.488,2040.5002,7331.7488,.,.,12728.98,13101.32,.33780001,.,.,.,.,.,.,.19242891,.19656132,.19242891,.19656132,.38062076,.37960696,.,.,.51508225,.44037998,.35056672,.31314126,.38062076,.37962957,.
ie07,.,17199.898,2655.7736,8666.7479,.,.,15972.076,16519.643,.31698862,.,.,.,.,.,.,.18128367,.18629181,.18128367,.18629181,.35728872,.35624197,.,.,.51538302,.43591276,.33550675,.29473697,.35728872,.35627074,.
ie10,.,14809.513,2494.4431,6865.639,.,.,12601.011,13152.374,.31849948,.,.,.,.,.,.,.1874194,.19543148,.1874194,.19543148,.34672295,.34379033,.,.,.57790019,.49230312,.36172063,.30937163,.34672295,.34383281,.
il79,.,6309.3167,.,1851.8955,.,.,.,.,.36335102,.,.,.,.,.,.,.21313846,.,.,.,.,.,.,.,.43482373,.39011235,.36383131,.30939271,.,.,.
il86,.,4875.0003,.,.,.,.,.,.,.36463069,.,.,.,.,.,.,.21567797,.,.,.,.,.,.,.,.48716103,.42238052,.38341715,.31593818,.,.,.
il92,36371.108,15052.746,4508.5086,9294.4275,.,.,.,.,.35509054,.24665712,.2555232,.,.,.,.,.20752467,.,.,.,.,.,.,.,.47979548,.42379974,.37178238,.31417646,.,.,.35509054
il97,62624.078,26110.925,7081.3932,16273.945,.,.,.,.,.38099295,.28348874,.2954768,.,.,.,.,.22497951,.,.,.,.,.,.,.,.5074398,.45266536,.40149135,.34100137,.,.,.38099295
il01,54541.695,33771.675,5451.3419,17362.799,.,.,.,.,.38949875,.21236438,.21924353,.,.,.,.,.22977098,.,.,.,.,.,.,.,.54858261,.48144886,.42082565,.35661755,.,.,.38949875
il05,58767.357,36268.235,6792.2177,19002.475,.,.,.,.,.41790914,.23080816,.23860853,.,.,.,.,.25135122,.,.,.,.,.,.,.,.53646064,.4664321,.42964546,.38417395,.,.,.41790914
il07,62841.608,40153.63,7326.3872,20451.812,.,.,.,.,.4110012,.22689678,.23176549,.,.,.,.,.24866106,.,.,.,.,.,.,.,.52377487,.45961093,.42469082,.37595172,.,.,.4110012
il10,71283.412,46891.839,8485.3222,26017.116,.,.,.,.,.42531796,.22691359,.23637814,.,.,.,.,.25346577,.,.,.,.,.,.,.,.53251247,.47118526,.43754122,.39284501,.,.,.42531796
il12,75254.659,51764.423,9635.2942,28108.217,.,.,.,.,.41348529,.21284465,.22122597,.,.,.,.,.25083069,.,.,.,.,.,.,.,.50688444,.44671742,.41808489,.37788693,.,.,.41348529
it86,.,6889524.5,.,1403019,.,.,.,.,.32494292,.,.,.,.,.,.,.19064669,.,.,.,.,.,.,.,.42973641,.31298869,.30929524,.,.,.,.
it87,.,7908637.5,388408.58,2281622.7,.,.,.,.,.34387408,.,.,.,.,.,.,.20639315,.,.,.,.,.,.,.,.45564591,.3405688,.33381015,.,.,.,.
it89,.,9889671.7,438738.27,2995720.6,.,.,.,.,.32568147,.,.,.,.,.,.,.18877925,.,.,.,.,.,.,.,.43071763,.30963814,.30480221,.,.,.,.
it91,.,11207186,448139.68,3524339.1,.,.,.,.,.31346622,.,.,.,.,.,.,.18343952,.,.,.,.,.,.,.,.41852021,.29884291,.29293193,.,.,.,.
it93,.,11780765,491813.6,4217836,.,.,.,.,.35344274,.,.,.,.,.,.,.21278447,.,.,.,.,.,.,.,.4762182,.35168086,.34195119,.,.,.,.
it95,13680969,12555415,.,.,.,10048902,.,10048902,.3509259,.15466799,.,.15466799,.,.38156393,.,.20973438,.,.20973438,.,.37296745,.,.38257611,.,.47680881,.34708597,.3384535,.,.37296746,.,.3509259
it98,14009732,14816587,.,.,.,12742018,.,12742019,.36116673,.15318516,.,.15318516,.,.39623184,.,.21366201,.,.21366201,.,.38603562,.,.39840844,.,.48334336,.35087809,.34401791,.,.38603562,.,.36116673
it00,15296225,15740347,.,.,.,13998536,.,13998536,.34702171,.15271147,.,.15271147,.,.38260395,.,.20552616,.,.20552616,.,.37293248,.,.38442039,.,.47281689,.33968227,.3296639,.,.37293249,.,.34702171
it04,9306.2499,9394.7436,.,.,.,8053.4338,.,8053.4337,.35768156,.15562453,.,.15562453,.,.3907151,.,.20932271,.,.20932271,.,.38193619,.,.39245641,.,.51092771,.4003029,.39178122,.33569299,.38193619,.,.35768156
it08,10186.465,10690.113,.,.,.,9203.6793,.,9203.6798,.34368927,.14897391,.,.1489739,.,.3754618,.,.20298995,.,.20298995,.,.36664778,.,.37673636,.,.48099865,.37827912,.36940386,.32394148,.36664778,.,.34368927
it10,10579.245,10601.977,.,.,.,9431.0863,.,9431.0866,.3444314,.16039464,.,.16039464,.,.37694945,.,.20794183,.,.20794183,.,.36854818,.,.37841422,.,.4861049,.38013254,.3704198,.32234832,.36854819,.,.3444314
it14,10068.162,10381.456,2007.7207,5801.5818,.,.,.,.,.34889759,.16545855,.18047896,.,.,.,.,.21144052,.,.,.,.,.,.,.,.49499722,.39213876,.37990052,.32257802,.,.,.34889759
lt10,.,10950.152,2881.0086,4987.8143,.,.,10044.064,10088.997,.32484734,.,.,.,.,.,.,.19350331,.19391987,.,.,.,.,.,.,.53218795,.38517427,.35978241,.32935851,.,.,.
lt13,.,14472.218,3077.5247,5538.7332,.,.,14215.784,14276.561,.34681092,.,.,.,.,.,.,.20306884,.20346763,.,.,.,.,.,.,.51530755,.39552582,.37502192,.35464834,.,.,.
lu85,.,302944.21,.,.,.,.,.,.,.26633385,.,.,.,.,.,.,.1545264,.,.,.,.,.,.,.,.37879649,.25569618,.23530967,.,.,.,.
lu91,.,487378.29,53748.766,53748.772,.,.,.,.,.26790732,.,.,.,.,.,.,.15329661,.,.,.,.,.,.,.,.37443855,.26043607,.2396503,.,.,.,.
lu94,.,574024.51,55788.88,55788.913,.,.,.,.,.26945323,.,.,.,.,.,.,.15583958,.,.,.,.,.,.,.,.39087832,.26542243,.23670364,.,.,.,.
lu97,.,634124.38,88616.163,88616.179,.,.,.,.,.30139786,.,.,.,.,.,.,.17460862,.,.,.,.,.,.,.,.4365705,.29862859,.26284989,.,.,.,.
lu00,.,734161.95,109399.62,318150.45,.,.,.,.,.30448372,.,.,.,.,.,.,.17640627,.,.,.,.,.,.,.,.43292465,.29775762,.26349305,.,.,.,.
lu04,.,22177.12,.,.,.,.,.,.,.31038046,.,.,.,.,.,.,.17997557,.,.,.,.,.,.,.,.45789201,.34254025,.30814686,.27167554,.,.,.
lu07,.,24223.437,3817.7674,12069.066,.,.,.,.,.31206064,.,.,.,.,.,.,.17975418,.,.,.,.,.,.,.,.46125331,.34480305,.31297685,.27957105,.,.,.
lu10,.,25146.216,4652.0705,12519.07,.,.,.,.,.30740907,.,.,.,.,.,.,.1792044,.,.,.,.,.,.,.,.46822542,.34951323,.30617296,.27222783,.,.,.
lu13,.,27143.38,4491.574,13472.7,.,.,.,.,.32381153,.,.,.,.,.,.,.19063068,.,.,.,.,.,.,.,.48111749,.3609066,.31726592,.28156908,.,.,.
mx84,.,111312.37,.,82233.074,.,.,.,.,.47166359,.,.,.,.,.,.,.27861151,.,.,.,.,.,.,.,.46291088,.46141614,.46125524,.,.,.,.
mx89,.,2246448.5,.,1158774.6,.,.,.,.,.51508196,.,.,.,.,.,.,.29594137,.,.,.,.,.,.,.,.49992861,.49363416,.49394038,.,.,.,.
mx92,.,4589635.6,.,2641485.7,.,.,.,.,.53618332,.,.,.,.,.,.,.31093797,.,.,.,.,.,.,.,.52664561,.51791079,.51773488,.,.,.,.
mx94,.,5602.6044,.,3489.1771,.,.,.,.,.54401498,.,.,.,.,.,.,.31725417,.,.,.,.,.,.,.,.53950429,.53222245,.52598514,.,.,.,.
mx96,.,7598.6084,.,4258.6844,.,.,.,.,.5285726,.,.,.,.,.,.,.3086822,.,.,.,.,.,.,.,.52932725,.52150656,.51743864,.,.,.,.
mx98,.,11849.306,.,5574.4835,.,.,.,.,.54188705,.,.,.,.,.,.,.32137648,.,.,.,.,.,.,.,.54223535,.53399494,.53229858,.,.,.,.
mx00,.,18083.469,.,8478.278,.,.,.,.,.53311812,.,.,.,.,.,.,.31590726,.,.,.,.,.,.,.,.53557004,.52965363,.52775825,.,.,.,.
mx02,.,20018.76,.,9504.3497,.,.,.,.,.51008885,.,.,.,.,.,.,.30085417,.,.,.,.,.,.,.,.51861864,.51029577,.49838357,.,.,.,.
mx04,.,23301.157,.,10757.692,.,.,.,21145.626,.50648211,.,.,.,.,.,.,.2947725,.,.2947725,.,.52354045,.,.,.,.51126633,.5020522,.49125435,.,.52354045,.,.
mx08,41496.981,32070.268,4252.9085,11952.298,27396.928,29116.15,27396.928,29116.15,.52010137,.30564591,.30546236,.30564591,.30546236,.53770534,.53730943,.30700153,.30698573,.30700153,.30698573,.53759406,.5371873,.53824766,.53788185,.54572967,.5371311,.519072,.,.53759406,.53719617,.52010137
mx10,47271.417,31106.335,5873.7587,14915.827,27527.461,28536.231,27527.464,28536.232,.49492627,.32308866,.32592616,.32308866,.32592616,.50940349,.50883375,.29338602,.2930304,.29338602,.2930304,.51190592,.51154083,.51008769,.5095411,.52866032,.51522536,.49427319,.,.51190592,.51154679,.49492627
mx12,51415.498,36819.348,4854.4864,14250.165,33834.881,35021.575,33834.883,35021.574,.50416531,.33958162,.33775512,.33958162,.33775512,.51735149,.51714733,.2956986,.29354506,.2956986,.29354506,.52086733,.52059625,.51802806,.51785072,.5351605,.52384138,.50099546,.,.52086733,.52059869,.50416531
nl83,.,12781.129,.,1194.6493,.,.,.,.,.28077964,.,.,.,.,.,.,.16526032,.,.,.,.,.,.,.,.48711225,.37282966,.29581772,.25241071,.,.,.
nl87,.,14571.479,.,332.1515,.,.,.,.,.26589073,.,.,.,.,.,.,.15319554,.,.,.,.,.,.,.,.47476689,.3580261,.281695,.22952103,.,.,.
nl90,.,18726.393,.,.,.,.,.,.,.30751939,.,.,.,.,.,.,.1777523,.,.,.,.,.,.,.,.45358797,.32882158,.28686501,.26762631,.,.,.
nl93,.,18881.458,.,.,.,.,.,.,.30008678,.,.,.,.,.,.,.17959717,.,.,.,.,.,.,.,.46407342,.34279676,.30060643,.25837725,.,.,.
nl04,.,13347.384,5701.7984,6584.9703,.,.,11518.773,12254.034,.30295341,.,.,.,.,.,.,.17443242,.17834282,.17443242,.17834282,.32982414,.3285041,.,.,.4676634,.35294005,.31019657,.26874793,.32982414,.32852542,.
nl07,.,15583.827,3309.4139,4247.0671,.,.,13552.122,14392.811,.29817196,.,.,.,.,.,.,.16990872,.17782233,.16990872,.17782233,.32617316,.32401478,.,.,.478803,.36523502,.3306109,.28107085,.32617316,.32417215,.
nl10,.,15938.25,3364.195,4355.4214,.,.,13514.944,14459.608,.28085242,.,.,.,.,.,.,.1623236,.17099981,.1623236,.17099981,.30554602,.30335283,.,.,.46756943,.34881064,.3081119,.26052973,.30554602,.30340171,.
nl13,.,16388.278,3365.9061,4514.2548,.,.,13865.24,14886.851,.28413423,.,.,.,.,.,.,.16415549,.17403327,.16415548,.17403327,.30886814,.30659171,.,.,.48196403,.36146504,.31946892,.26865337,.30886814,.30666134,.
no79,.,27407.682,.,740.27682,.,.,.,25441.912,.26809293,.,.,.,.,.,.,.15532887,.,.15532888,.,.30499296,.,.,.,.37847981,.37092959,.27734608,.2288351,.30499296,.,.
no86,.,66927.1,.,.,.,.,.,68243.793,.24562504,.,.,.,.,.,.,.14234777,.,.14234777,.,.29133614,.,.,.,.36535068,.3565957,.26418424,.22707451,.29133614,.,.
no91,.,92826.527,.,1646.6749,.,.,.,87960.68,.25081214,.,.,.,.,.,.,.14457627,.,.14457627,.,.2856103,.,.,.,.39585659,.29408186,.27387892,.23408029,.2856103,.,.
no95,.,102357.24,.,1927.3884,.,.,.,96035.919,.25910843,.,.,.,.,.,.,.14833987,.,.14833987,.,.30146325,.,.,.,.42959912,.3164958,.28426958,.24393443,.30146326,.,.
no00,.,139705.82,.,2127.7022,.,.,.,129794.76,.27293095,.,.,.,.,.,.,.15235611,.,.15235611,.,.31935726,.,.,.,.44193122,.33771484,.30036454,.26255125,.31935728,.,.
no04,.,168244.48,.,2121.4741,.,.,.,150013.43,.29979216,.,.,.,.,.,.,.16057374,.,.16057374,.,.34263504,.,.,.,.48152472,.3706566,.31092798,.28147776,.34263504,.,.
no07,.,190365.28,.,.,.,.,.,181020.91,.26250219,.,.,.,.,.,.,.15227183,.,.15227183,.,.30285682,.,.,.,.44399781,.33468247,.28848012,.24486478,.30285686,.,.
no10,.,216217.27,.,.,.,.,.,198019.49,.2633159,.,.,.,.,.,.,.15196408,.,.15196408,.,.29753736,.,.,.,.45629185,.33382462,.29262143,.24809512,.29753739,.,.
no13,.,245260.85,.,.,.,.,.,211311.03,.26647051,.,.,.,.,.,.,.15568221,.,.15568221,.,.29764455,.,.,.,.45166246,.32936744,.29486148,.24996154,.29764458,.,.
pa07,.,2261.782,.,.,.,.,.,.,.52171652,.,.,.,.,.,.,.32027083,.,.,.,.,.,.,.,.54897056,.53235819,.51926673,.50295798,.,.,.
pa10,.,2792.0549,106.20063,816.61098,.,.,.,.,.51486733,.,.,.,.,.,.,.31311776,.,.,.,.,.,.,.,.54594228,.52885935,.50886254,.49608819,.,.,.
pa13,.,3664.0818,157.8859,1213.2641,.,.,.,.,.50729003,.,.,.,.,.,.,.30838985,.,.,.,.,.,.,.,.54672926,.53115572,.5068581,.49048267,.,.,.
py10,.,9793753.3,300463.15,2475166.5,.,.,.,.,.53558804,.,.,.,.,.,.,.31306865,.,.,.,.,.,.,.,.53864616,.53873342,.53181822,.,.,.,.
py13,.,13312875,444415.59,4088104.9,.,.,.,.,.5037375,.,.,.,.,.,.,.29850014,.,.,.,.,.,.,.,.51021334,.50781667,.49938205,.,.,.,.
pe04,5335.558,3368.5514,579.19798,2313.4115,.,.,.,.,.55568897,.37144382,.36207609,.,.,.,.,.350848,.,.,.,.,.,.,.,.578004,.56472349,.55991489,.5519657,.,.,.55568897
pe07,7020.7594,4431.6753,646.52338,2640.0878,.,.,.,.,.528636,.3542146,.34897441,.,.,.,.,.32845623,.,.,.,.,.,.,.,.55019142,.54013796,.5284678,.5198897,.,.,.528636
pe10,8565.7167,5554.0818,753.21626,2865.8331,.,.,.,.,.49232354,.31110497,.30676294,.,.,.,.,.30519761,.,.,.,.,.,.,.,.52113286,.51074412,.4987316,.48825629,.,.,.49232354
pe13,9873.9382,6736.9513,962.42814,3814.946,.,.,.,.,.47175489,.29125675,.28428554,.,.,.,.,.29191365,.,.,.,.,.,.,.,.49855443,.49003224,.47753569,.46612032,.,.,.47175489
pl86,.,155841.01,.,39211.559,.,.,.,.,.27978963,.,.,.,.,.,.,.16500281,.,.,.,.,.,.,.,.36705112,.28830617,.27104164,.,.,.,.
pl92,.,17958885,.,.,.,.,.,.,.29293114,.,.,.,.,.,.,.16981793,.,.,.,.,.,.,.,.42216395,.3130994,.26137614,.,.,.,.
pl95,.,3444.357,.,994.08983,.,.,.,2881.0692,.34602231,.,.,.,.,.,.,.20240315,.,.20240315,.,.37889071,.,.,.,.58209628,.37649122,.33001599,.34168667,.37889071,.,.
pl99,.,6718.9573,.,2041.9378,.,.,.,5867.6358,.32110588,.,.,.,.,.,.,.18705798,.,.18705798,.,.34823793,.,.,.,.49494194,.32829426,.30068672,.29585686,.34823793,.,.
pl04,.,8734.4653,.,2804.2178,.,.,.,8356.0023,.35361859,.,.,.,.,.,.,.2073993,.,.2073993,.,.38394791,.,.,.,.55400539,.36791194,.33435231,.32917396,.38394791,.,.
pl07,15449.288,11147.225,2952.866,4568.7592,10718.939,10913.511,10718.939,10913.511,.34327068,.21272726,.22092227,.21272726,.22092227,.37568352,.37356497,.1986973,.19907216,.19869731,.19907216,.37916704,.3789752,.38361271,.38340299,.51604158,.35063137,.32307451,.3202828,.37916704,.37898513,.34327068
pl10,19082.003,14447.888,3990.493,6477.9843,13906.92,14114.684,13906.92,14114.683,.34200875,.20378128,.21415374,.20378128,.21415374,.37355564,.37111629,.19786651,.19836418,.19786651,.19836418,.37490553,.37471095,.37985309,.37926181,.49742595,.3451058,.32053234,.3196831,.37490553,.37471675,.34200876
pl13,20500.086,15917.224,4355.0954,4430.7833,15622.002,15833.658,15622.002,15833.658,.34734932,.19615704,.20591762,.19615704,.20591762,.37979322,.37763691,.20267393,.20325246,.20267393,.20325246,.37839478,.37820765,.38483535,.38440965,.51046295,.35545868,.33070594,.33051064,.37839478,.37821071,.34734932
ro95,2490447.7,1413332.2,283032.94,283032.99,.,.,.,.,.31301148,.20943576,.19959989,.,.,.,.,.17954682,.,.,.,.,.,.,.,.38257742,.31837048,.30386532,.28744462,.,.,.31301148
ro97,8202150.2,4570363.3,1051898.1,1051898.2,.,.,.,.,.30685892,.20776065,.18795742,.,.,.,.,.17711092,.,.,.,.,.,.,.,.3787988,.31531057,.29846748,.28523846,.,.,.30685892
ru00,35657.803,15370.12,1334.6907,1334.8523,.,.,.,.,.42006066,.2011645,.20123185,.,.,.,.,.24426518,.,.,.,.,.,.,.,.53870487,.4358384,.42680988,.,.,.,.42006066
ru04,68385.852,43757.078,9785.0102,.,.,.,.,.,.38216062,.21334701,.22704724,.,.,.,.,.22796682,.,.,.,.,.,.,.,.51644759,.40966976,.40161136,.,.,.,.37614701
ru10,171937.38,131636.63,32492.282,.,.,.,.,.,.34166041,.17648188,.17901484,.,.,.,.,.20248905,.,.,.,.,.,.,.,.46430322,.35553292,.34462435,.,.,.,.33076489
ru13,.,258345.23,.,.,.,.,.,232364.61,.36620245,.,.,.,.,.,.,.21610768,.,.,.,.,.,.,.,.46671172,.3839719,.35979573,.35158329,.,.,.
rs06,224371.64,117062.45,35755.345,96214.226,.,.,.,.,.36088426,.14142515,.14756674,.,.,.,.,.21934384,.,.,.,.,.,.,.,.48667409,.3578137,.34463304,.,.,.,.36088426
rs10,292868.86,180163.59,46205.549,118430.61,.,.,.,.,.33902526,.1414394,.14323866,.,.,.,.,.20646707,.,.,.,.,.,.,.,.53171202,.34842525,.33118343,.,.,.,.33902526
rs13,373682.34,219812.45,58829.781,142648.5,.,.,.,.,.35516572,.13427808,.13331805,.,.,.,.,.21235993,.,.,.,.,.,.,.,.55036309,.36691661,.3480687,.,.,.,.35516572
sk92,.,25599.375,.,.,.,.,.,.,.20184124,.,.,.,.,.,.,.11567967,.,.,.,.,.,.,.,.40414441,.28262671,.2160994,.18997902,.,.,.
sk96,.,42562.422,.,.,.,.,.,.,.26278677,.,.,.,.,.,.,.1559487,.,.,.,.,.,.,.,.43415908,.29689207,.25005963,.,.,.,.
sk04,.,83615.638,30701.009,32505.833,.,.,.,.,.26987626,.,.,.,.,.,.,.15667352,.,.,.,.,.,.,.,.45418924,.33118074,.30101504,.26876433,.,.,.
sk07,.,118164.14,29966.588,50314,.,.,.,.,.24687329,.,.,.,.,.,.,.14413248,.,.,.,.,.,.,.,.41923937,.29585108,.27781481,.2485894,.,.,.
sk10,.,4696.689,1305.963,2206.5942,.,.,.,.,.27353832,.,.,.,.,.,.,.16039301,.,.,.,.,.,.,.,.43495964,.30878067,.28453656,.26677864,.,.,.
sk13,.,5048.2908,1344.6426,2172.8376,.,.,.,.,.28092543,.,.,.,.,.,.,.16623255,.,.,.,.,.,.,.,.43051006,.31422874,.29049677,.27210232,.,.,.
si97,1443668.8,739617.44,134245.47,134245.47,666314.69,669955.76,666314.67,669955.78,.24121954,.15149605,.15796626,.15149605,.15796626,.26643729,.26471194,.14095883,.14124611,.14095883,.14124611,.2693989,.26943003,.28020344,.28074896,.36927128,.25608709,.23093712,.,.2693989,.26943046,.24121954
si99,1517615,851666.77,154642.37,154642.37,788214.74,792428.25,788214.76,792428.29,.24043558,.14775052,.1543333,.14775052,.1543333,.26890314,.26686178,.14026824,.14053839,.14026824,.14053839,.27120127,.27109566,.28267019,.28323017,.37470065,.25874672,.23319422,.,.27120127,.27109609,.24043558
si04,2217673.2,1385184.3,252591.43,252591.43,1256645.1,1264950.6,1256645.1,1264950.6,.24115233,.14815206,.15745726,.14815206,.15745726,.26763713,.26496699,.14012629,.1405517,.14012629,.14055171,.26992273,.26977731,.28010972,.28020573,.39925592,.26184307,.23271137,.,.26992273,.26977785,.24115233
si07,10243.566,6880.5047,1259.9577,3406.2178,6092.5586,6134.4329,6092.5586,6134.433,.23765422,.14345456,.15458517,.14345456,.15458517,.26426235,.26110011,.13877395,.13928724,.13877395,.13928723,.26558446,.26541789,.27503507,.27457785,.3990588,.26277152,.2317871,.,.26558446,.26541855,.23765422
si10,11456.452,8017.9512,1527.4874,4266.0307,7344.3831,7403.9276,7344.3833,7403.9271,.25663501,.1455349,.15742869,.1455349,.15742869,.28815243,.28475258,.15230914,.15299087,.15230914,.15299087,.28623068,.28601037,.29776055,.29704749,.41886509,.28276605,.25378148,.,.28623068,.28601126,.25663501
si12,11359.589,8596.1418,1824.7351,3530.2731,8062.8291,8123.9526,8062.829,8123.9526,.27340404,.10510221,.11876197,.10510221,.11876197,.32311302,.31904383,.15988695,.16084338,.15988695,.16084337,.30693201,.30662427,.33194431,.33086818,.45237126,.30579721,.27253896,.,.30693201,.30662551,.27340404
za08,27414.253,18162.901,3070.2687,8451.88,.,19332.12,.,19332.12,.69628296,.55717883,.53251938,.55717883,.,.72573511,.,.44068224,.,.44068224,.,.75040062,.,.74036161,.,.76364475,.75830887,.68406248,.6767979,.75040074,.,.69628296
za10,24279.764,23089.091,2980.0306,8650.15,.,23507.974,.,23507.974,.74013231,.53409583,.52390702,.53409583,.,.78211363,.,.43083766,.,.43083766,.,.80315318,.,.80221357,.,.73951357,.73071574,.64366468,.61364823,.80315318,.,.74013231
za12,26113.51,23871.338,3801.081,9934.5627,.,24430.84,.,24430.839,.65722349,.50575309,.50485317,.50575309,.,.6903781,.,.40788124,.,.40788124,.,.71180077,.,.70057343,.,.74628396,.74037186,.65975641,.61027601,.71180079,.,.65722349
kr06,12045735,9903055.2,1213779.3,.,.,.,.,.,.31687819,.17061387,.17873195,.,.,.,.,.18867568,.,.,.,.,.,.,.,.36099185,.3531007,.34194182,.33517666,.,.,.31687819
kr08,13071021,10982938,1318194.6,.,.,.,.,.,.32315934,.17221241,.17904231,.,.,.,.,.19206528,.,.,.,.,.,.,.,.37623791,.36665837,.35250266,.34484697,.,.,.32315934
kr10,14290615,11780044,1476454.7,.,.,.,.,.,.32001614,.17135911,.17966125,.,.,.,.,.19058919,.,.,.,.,.,.,.,.36468336,.35394125,.33880926,.33243091,.,.,.32001614
kr12,15477747,13218286,1650341.5,.,.,.,.,.,.31543084,.16958501,.17913199,.,.,.,.,.18808725,.,.,.,.,.,.,.,.36257169,.35155661,.337416,.33082555,.,.,.31543084
es80,471544.23,176248.29,85380.859,85380.859,.,.,.,.,.34466216,.18422598,.17768944,.,.,.,.,.20211215,.,.,.,.,.,.,.,.41950522,.41950522,.32028888,.,.,.,.34466216
es85,688489.93,308534.05,58986.702,147812.96,.,.,.,.,.34447023,.18795182,.18515582,.,.,.,.,.2000804,.,.,.,.,.,.,.,.43591265,.33760578,.31424172,.,.,.,.34447023
es90,1081779.1,546744.05,127047.01,309397.08,.,.,.,.,.32234827,.15046736,.14462575,.,.,.,.,.18811123,.,.,.,.,.,.,.,.42920789,.32772538,.30817589,.,.,.,.32234827
es95,.,870527.1,86118.64,86119.02,.,.,.,.,.36402252,.,.,.,.,.,.,.21649319,.,.,.,.,.,.,.,.50778715,.37961104,.35404139,.,.,.,.
es00,.,1224090.7,20255.293,20255.817,.,.,1143106.1,1158565.5,.34229171,.,.,.,.,.,.,.20070283,.20071195,.20070283,.20071195,.36840122,.36837109,.,.,.48133581,.35766681,.34052837,.,.36840122,.36842003,.
es04,.,8049.9327,1396.2414,4844.1753,.,.,7352.1476,7481.8323,.33208117,.,.,.,.,.,.,.19789366,.19120292,.19789366,.19120292,.3564802,.34707322,.,.,.45181082,.33568356,.32305947,.32144735,.3564802,.34707518,.
es07,.,9863.4387,1491.0874,4595.599,.,.,9477.7026,9674.8524,.31762609,.,.,.,.,.,.,.18963645,.19216018,.18963644,.19216018,.34165498,.34121106,.,.,.44897343,.35178558,.32991405,.30681668,.34165498,.34121585,.
es10,.,9730.3535,1803.4973,4895.5333,.,.,8736.5609,8977.3023,.34220827,.,.,.,.,.,.,.20826948,.21251294,.20826948,.21251294,.36300555,.36224048,.,.,.50779101,.38806486,.35490494,.33466417,.36300555,.36224481,.
es13,.,10661.857,1881.3031,4759.5115,.,.,9667.7595,9964.017,.3599701,.,.,.,.,.,.,.21914861,.22381673,.21914861,.22381673,.38545771,.38453394,.,.,.53086071,.41967223,.38134002,.34604722,.38545771,.38454074,.
se67,.,7440.3034,.,.,.,.,.,.,.29812325,.,.,.,.,.,.,.1809294,.,.,.,.,.,.,.,.39234701,.33897038,.31693748,.26049464,.,.,.
se75,.,17811.611,.,.,.,.,.,.,.24143947,.,.,.,.,.,.,.14203891,.,.,.,.,.,.,.,.40617411,.31880786,.2758645,.21546634,.,.,.
se81,.,34445.502,.,5540.062,.,.,.,.,.22782248,.,.,.,.,.,.,.13551244,.,.,.,.,.,.,.,.41175112,.29302629,.2399419,.19631807,.,.,.
se87,.,55035.23,.,.,.,.,.,.,.23052771,.,.,.,.,.,.,.13516326,.,.,.,.,.,.,.,.43710019,.30981437,.25688958,.21654771,.,.,.
se92,.,90811.924,.,.,.,.,.,.,.24899294,.,.,.,.,.,.,.14674133,.,.,.,.,.,.,.,.46805407,.34481976,.26304853,.2322294,.,.,.
se95,.,93933.084,.,.,.,.,.,87786.733,.25222512,.,.,.,.,.,.,.14953206,.,.14953206,.,.28266332,.,.,.,.49948594,.37339468,.2663165,.22540047,.28266332,.,.
se00,.,110422.69,34078.047,34078.049,.,.,100103.11,111513.16,.27238702,.,.,.,.,.,.,.15653848,.16693691,.15653848,.16693691,.3071685,.30283665,.,.,.49006876,.36581894,.29859389,.26064483,.3071685,.30291287,.
se05,.,134937.81,40114.576,40114.576,.,.,120418.72,133093.77,.25968189,.,.,.,.,.,.,.14964065,.15338743,.14964065,.15338743,.29238933,.2799291,.,.,.48346272,.34764417,.27957166,.24368942,.29238933,.27999535,.
ch82,.,22646.05,.,3259.7285,.,.,.,.,.35712837,.,.,.,.,.,.,.20044949,.,.,.,.,.,.,.,.4182787,.35373253,.3482092,.32529305,.,.,.
ch92,.,29331.721,8784.7788,8980.0213,.,.,.,.,.33613209,.,.,.,.,.,.,.19377366,.,.,.,.,.,.,.,.40648519,.33166193,.32095606,.30563309,.,.,.
ch00,34709.472,31794.94,7625.591,7625.5926,.,27873.28,.,27873.282,.33434424,.15509805,.1639121,.15509805,.,.35329033,.,.1918459,.,.1918459,.,.34940614,.,.35554251,.,.40439342,.3087413,.29053421,.29448832,.34940614,.,.33434425
ch02,35135.526,33391.29,7595.711,7595.7123,.,29221.885,.,29221.886,.31687855,.15069508,.15664125,.15069508,.,.33422412,.,.18490176,.,.18490176,.,.33065376,.,.33617301,.,.40588271,.30404771,.28353464,.28145323,.33065376,.,.31687855
ch04,36143.625,32731.622,7805.1947,7805.196,.,29072.99,.,29072.99,.3156593,.13596308,.14076643,.13596308,.,.3351724,.,.18431132,.,.18431132,.,.32992229,.,.33715284,.,.4064886,.29909003,.27128743,.27365881,.32992229,.,.3156593
ch07,.,36869.213,12111.385,17391.66,.,.,.,31663.985,.34769057,.,.,.,.,.,.,.20133795,.,.20133795,.,.36346267,.,.,.,.42040555,.32726202,.31387456,.31972136,.36346267,.,.
ch10,.,38218.403,9578.575,11611.358,.,.,.,32854.693,.32855887,.,.,.,.,.,.,.18958365,.,.18958365,.,.34403514,.,.,.,.42621413,.32397553,.30478934,.30736382,.34403514,.,.
ch13,.,39296.48,9429.0967,12076.117,.,.,.,32840.786,.32776795,.,.,.,.,.,.,.18858974,.,.18858974,.,.3427612,.,.,.,.43692266,.33255289,.3070347,.30406774,.3427612,.,.
tw81,85291.507,56968.707,14443.857,21868.007,.,.,.,.,.29967714,.16762385,.15852708,.,.,.,.,.17181768,.,.,.,.,.,.,.,.28098598,.28074466,.27993643,.27555378,.,.,.29967714
tw86,114588.27,79590.392,18475.596,28305.66,.,.,.,.,.29711787,.16043436,.15939125,.,.,.,.,.16906093,.,.,.,.,.,.,.,.29179592,.2913967,.29007375,.2844379,.,.,.29711787
tw91,191367.19,152282.7,36514.818,51952.834,.,.,.,.,.29970238,.16416928,.16069144,.,.,.,.,.17091489,.,.,.,.,.,.,.,.29710224,.29530605,.29191369,.28660472,.,.,.29970238
tw95,.,214184.72,.,74783.647,.,.,.,.,.30575947,.,.,.,.,.,.,.17741287,.,.,.,.,.,.,.,.3142751,.30965807,.3049303,.3013961,.,.,.
tw97,.,226098.58,.,81816.521,.,.,.,.,.3082329,.,.,.,.,.,.,.1775527,.,.,.,.,.,.,.,.31812821,.31030625,.30554095,.30438776,.,.,.
tw00,.,247128.41,.,88376.833,.,.,.,.,.31112538,.,.,.,.,.,.,.17887489,.,.,.,.,.,.,.,.32917329,.31908527,.31270602,.31045793,.,.,.
tw05,.,254860.75,.,88708.494,.,.,.,.,.32181078,.,.,.,.,.,.,.18479453,.,.,.,.,.,.,.,.35452283,.34447818,.3362061,.33379415,.,.,.
tw07,308503.6,247692.7,25011.941,91904.928,.,.,.,.,.32126498,.15662767,.1608654,.,.,.,.,.18546114,.,.,.,.,.,.,.,.36085861,.34316165,.33190726,.33699763,.,.,.32126498
tw10,308644.55,238640.87,26459.26,95649.596,.,.,.,.,.33214856,.1593237,.16308024,.,.,.,.,.19272609,.,.,.,.,.,.,.,.36530775,.34913538,.33859589,.35225176,.,.,.33214856
tw13,332333.05,252524.99,28220.242,101149.38,.,.,.,.,.32486608,.15601616,.15947719,.,.,.,.,.18726222,.,.,.,.,.,.,.,.37397775,.35551437,.33914321,.34745506,.,.,.32486608
uk69,.,385.21397,.,.,.,.,.,.,.33650324,.,.,.,.,.,.,.19373791,.,.,.,.,.,.,.,.36772315,.32444225,.29066821,.2673604,.,.,.
uk74,.,846.35824,.,.,.,.,.,.,.299731,.,.,.,.,.,.,.1725913,.,.,.,.,.,.,.,.38028904,.32122772,.28759736,.26719975,.,.,.
uk79,.,1840.4865,.,.,.,.,.,.,.28424045,.,.,.,.,.,.,.16618273,.,.,.,.,.,.,.,.41679204,.34505327,.2714833,.25073093,.,.,.
uk86,5525.2501,3475.8726,524.81436,943.10342,.,.,.,.,.31848966,.16263819,.16099255,.,.,.,.,.18833926,.,.,.,.,.,.,.,.50377649,.41654393,.31701811,.29474143,.,.,.31848966
uk91,8912.9496,5638.8392,1628.5386,2455.954,.,.,.,.,.35930681,.22197165,.22224479,.,.,.,.,.20952837,.,.,.,.,.,.,.,.51068824,.43059587,.34905387,.32825384,.,.,.35930681
uk94,.,6551.0015,1487.446,1487.4516,.,.,.,.,.36109348,.,.,.,.,.,.,.20812668,.,.,.,.,.,.,.,.54564554,.44769102,.35138577,.33458011,.,.,.
uk95,10171.379,6465.3443,1946.6991,1946.756,5585.6798,5921.1911,5585.6796,5921.1909,.36273226,.19675165,.21848999,.19675165,.21848999,.39419616,.3898013,.21457602,.22116335,.21457602,.22116335,.39081731,.38929961,.39796188,.39528559,.5456227,.45537025,.36158185,.34075809,.39081731,.38932036,.36273226
uk99,.,8271.105,763.53561,763.54384,.,.,7620.4978,8041.104,.36951757,.,.,.,.,.,.,.21336287,.22965971,.21336287,.22965971,.4004468,.3969809,.,.,.54632071,.4559435,.35900519,.34063636,.4004468,.39712841,.
uk04,.,10687.845,908.72259,908.74055,.,.,10136.682,10650.027,.37101365,.,.,.,.,.,.,.21154706,.22425099,.21154706,.22425099,.40119569,.39855157,.,.,.5466058,.45108362,.35684018,.34340011,.40119569,.39868643,.
uk07,.,12399.447,675.49198,3957.086,.,.,11848.732,12519.017,.35972551,.,.,.,.,.,.,.2089433,.22135099,.2089433,.22135099,.38686489,.38439138,.,.,.53902149,.45334198,.3781835,.345508,.3868649,.38465834,.
uk10,.,13043.466,918.84108,4250.1895,.,.,11511.294,12309.136,.3522434,.,.,.,.,.,.,.20325445,.21810245,.20325445,.21810244,.37742883,.37461867,.,.,.55988605,.4639387,.37696077,.34067542,.37742883,.37492629,.
uk13,.,13998.082,1078.8037,4192.9129,.,.,12684.385,13670.956,.34962367,.,.,.,.,.,.,.20215108,.21732268,.20215107,.21732268,.37735983,.37413573,.,.,.55305609,.45471461,.3690312,.3350884,.37735983,.37454754,.
us74,.,3617.1318,.,.,.,.,.,.,.35201091,.,.,.,.,.,.,.21146361,.,.,.,.,.,.,.,.41387096,.36801563,.3524656,.31723308,.,.,.
us79,.,5753.0969,0,909.23678,.,.,.,.,.34509277,.,.,.,.,.,.,.20725309,.,.,.,.,.,.,.,.43114839,.3821973,.35796426,.31297665,.,.,.
us86,.,9292.2459,0,1842.1044,.,.,.,.,.37401247,.,.,.,.,.,.,.22677197,.,.,.,.,.,.,.,.46186613,.410771,.38778413,.34372676,.,.,.
us91,.,11817.908,0,2879.1372,.,.,.,.,.38130353,.,.,.,.,.,.,.23021129,.,.,.,.,.,.,.,.47272522,.41831218,.39116118,.34921262,.,.,.
us94,.,13368.047,0,2788.5531,.,.,.,.,.40055425,.,.,.,.,.,.,.23749879,.,.,.,.,.,.,.,.50359902,.44619189,.41838006,.37410757,.,.,.
us97,.,15383.219,0,2548.4782,.,.,.,.,.40518563,.,.,.,.,.,.,.23819224,.,.,.,.,.,.,.,.50062468,.44440512,.42167211,.37617969,.,.,.
us00,.,17573.283,0,2821.5574,.,.,.,15980.71,.40128535,.,.,.,.,.,.,.23505516,.,.23505516,.,.41299385,.,.,.,.49601919,.44150864,.42486286,.37444903,.41299385,.,.
us04,.,19521.689,0,2288.189,.,.,.,17376.375,.4016024,.,.,.,.,.,.,.23736997,.,.23736997,.,.41259767,.,.,.,.50584738,.44611511,.42290488,.37881291,.41259767,.,.
us07,.,22107.953,0,2633.4504,.,.,.,19982.245,.40663467,.,.,.,.,.,.,.24085491,.,.24085491,.,.41776408,.,.,.,.49733677,.441382,.42021112,.38218009,.41776408,.,.
us10,.,22296.521,0,3139.2365,.,.,.,19509.455,.39962117,.,.,.,.,.,.,.23960344,.,.23960344,.,.40933734,.,.,.,.52230778,.45687419,.42138863,.37490686,.40933734,.,.
us13,.,24031.374,0,3887.7502,.,.,.,21260.699,.40652712,.,.,.,.,.,.,.24289006,.,.24289006,.,.41716452,.,.,.,.52739237,.45811595,.43029547,.38545945,.41716452,.,.
uy04,.,51072.005,.,33988.429,.,.,.,.,.47034484,.,.,.,.,.,.,.27843339,.,.,.,.,.,.,.,.57179056,.47343363,.45000152,.,.,.,.
uy07,.,77336.124,314.07183,21041.9,.,.,.,.,.46601626,.,.,.,.,.,.,.27144035,.,.,.,.,.,.,.,.56466395,.48387909,.44758961,.,.,.,.
uy10,.,110191.74,5254.2997,36220.718,.,.,.,.,.43669848,.,.,.,.,.,.,.25357948,.,.,.,.,.,.,.,.5319889,.44751444,.4164195,.,.,.,.
uy13,.,153668.42,8295.4869,55736.898,.,.,.,.,.40359447,.,.,.,.,.,.,.2374438,.,.,.,.,.,.,.,.4882796,.40846143,.38503097,.,.,.,.
uy16,.,210230.64,13069.416,75208.294,.,.,.,.,.39594592,.,.,.,.,.,.,.23198138,.,.,.,.,.,.,.,.48449847,.40179665,.3762292,.,.,.,.

