ccyy,scope,hmc_mean,dhi_mean,hmchous_mean,hchous_mean,hmc_wor_scaled_mean,hmc_scaled_mean,inc1_mean,inc2_mean,inc3_mean,inc4_mean,hmc_wor_pred_scaled_mean,hmc_pred_scaled_mean,dhi_conc_dhi,hmc_conc_dhi,hmc_wor_conc_dhi,tax_eff_ours_conc_dhi,tax_eff_ours_wor_conc_dhi,inc_5_ours_conc_dhi,inc_5_ours_wor_conc_dhi,hmc_medianized_predict_conc_dhi,hmc_wor_pred_conc_dhi,tax_eff_ours_pred_conc_dhi,tax_eff_ours_wor_pred_conc_dhi,inc_5_ours_pred_conc_dhi,inc_5_ours_wor_pred_conc_dhi,inc_5_ours_conc_inc_5_ours,inc_5_ours_wor_conc_inc_5_ours_wor,inc1_conc_inc1,inc2_conc_inc2,inc3_conc_inc3,inc4_conc_inc4,inc_5_ours_pred_conc_inc_5_ours_pred,inc_5_ours_wor_pred_conc_inc_5_ours_wor_pred,gini_dhi_scope_hmc
au81,.9983251,.,5562.8017,.,.,.,.,11235.844,11960.637,12437.544,9743.3808,.,4276.2011,.31211276,.,.,.,.,.,.,.14687711,.,.14687711,.,.33153585,.,.,.,.40440541,.35367443,.32757131,.2822265,.33161288,.,.
au85,.99798074,.,7817.8192,.,.,.,.,15239.655,16360.475,17074.495,13246.419,.,6213.8992,.32362822,.,.,.,.,.,.,.15097319,.,.15097319,.,.34808413,.,.,.,.43905703,.37891359,.34918647,.29531632,.34820465,.,.
au89,.99793677,.,10964.158,2363.8144,6057.0383,.,.,21557.791,22911.909,23873.218,18712.095,8425.1939,8909.3069,.33016825,.,.,.,.,.,.,.15754099,.15888119,.15754099,.15888119,.35289684,.35232677,.,.,.43853642,.38740007,.35523459,.30474321,.3529984,.35247101,.
au95,.99049611,.,12281.119,1416.4067,1416.4345,.,.,22671.295,24572.917,26267.584,20978.005,10010.159,10556.14,.32329047,.,.,.,.,.,.,.15635525,.16091283,.15635525,.16091283,.34608286,.34508142,.,.,.47788987,.4114231,.35719355,.30837649,.346202,.34527711,.
au01,.99147268,.,16246.105,1820.4336,1820.4526,.,.,28873.689,31429.674,33577.773,27197.804,13407.794,14127.491,.33209047,.,.,.,.,.,.,.16226017,.16706854,.16226017,.16706854,.35736474,.3564424,.,.,.49405331,.42413769,.36786775,.31920675,.35750869,.35667677,.
au03,.99126352,.,17742.085,2059.2933,2059.3111,.,.,33524.251,36311.576,38480.151,29276.787,15108.485,15871.467,.33181305,.,.,.,.,.,.,.16058041,.16390592,.16058041,.16390592,.35893313,.35820197,.,.,.48351779,.41853742,.36895246,.31522866,.35909929,.35846777,.
au08,.99646838,.,28295.514,2975.5382,10360.246,.,.,52442.394,56281.37,59215.964,46650.725,21604.474,22747.964,.3529966,.,.,.,.,.,.,.171776,.17706704,.171776,.17706704,.37528365,.37443324,.,.,.48863452,.43223505,.38990669,.34081043,.37538138,.37459428,.
au10,.98940748,36222.306,29520.786,4000.7195,13018.701,22420.935,23653.804,53172.871,57622.946,61008.828,49243.919,22420.935,23653.802,.34547054,.18155532,.19575826,.18155532,.19575826,.36650781,.3646047,.17023101,.17696803,.17023101,.17696803,.36656659,.36685271,.3682847,.36668748,.48974105,.42492694,.37729335,.3343382,.36666073,.36699847,.34656291
at87,1,.,107967.34,.,.,.,.,.,.,.,.,.,.,.23045189,.,.,.,.,.,.,.10490215,.,.,.,.,.,.,.,.,.,.,.,.,.,.
at97,.90107658,.,147776.26,18566.976,18567.22,.,.,172535.72,219659.01,237568.77,.,119449.31,123482.58,.30129001,.,.,.,.,.,.,.13051493,.13004499,.13051493,.13004499,.33930297,.33919679,.,.,.43592801,.31178453,.27219441,.,.33963038,.33959139,.
at00,.90765009,.,162709.3,12453.428,12453.815,.,.,187664.73,238541.66,259928.49,.,131864.55,136065,.28770056,.,.,.,.,.,.,.12458294,.12434457,.12458294,.12434456,.32327793,.32313601,.,.,.43202696,.29917989,.25964395,.,.32361875,.32362222,.
at04,.99954769,.,14003.849,2787.7953,5805.1767,.,.,27525.007,33686.772,35569.662,22368.351,11551.874,11925.098,.29958391,.,.,.,.,.,.,.12876673,.13058508,.12876673,.13058509,.33747663,.33686619,.,.,.45781435,.34034245,.31310143,.2724487,.33784163,.33728504,.
at07,.99967306,.,15222.927,3030.6052,4894.9447,.,.,31037.162,36730.661,38909.332,24267.281,12103.844,12519.391,.30591491,.,.,.,.,.,.,.13836608,.14111813,.13836608,.14111813,.34005176,.33929807,.,.,.483887,.3715501,.3413542,.28880083,.34037806,.33967952,.
at10,.99916975,.,17080.234,3491.2738,5921.4442,.,.,26600.674,33206.871,35956.949,27049.815,13930.156,14466.983,.30321311,.,.,.,.,.,.,.13655099,.13932889,.13655099,.13932889,.33771409,.33688212,.,.,.49980293,.37423692,.32985707,.28484333,.33804817,.33727236,.
at13,.9996824,.,18495.651,3756.7187,5923.8321,.,.,35554.741,43207.005,45905.866,28806.241,15439.108,16067.714,.31061961,.,.,.,.,.,.,.13676838,.13983111,.13676838,.13983111,.34870954,.34773847,.,.,.49819403,.37169607,.33777889,.28608163,.34908877,.34819439,.
be85,.99814441,.,225477.53,.,.,.,.,288365.9,342746.13,394083.66,.,.,.,.25081786,.,.,.,.,.,.,.11326505,.,.,.,.,.,.,.,.4191912,.30041717,.22842843,.,.,.,.
be88,.99605046,.,247302.81,.,.,.,.,308435.39,371739.33,428538.63,.,.,.,.25421426,.,.,.,.,.,.,.11514341,.,.,.,.,.,.,.,.42656602,.30517905,.23248688,.,.,.,.
be92,.99169372,.,301397.62,1726.0968,1726.5203,.,.,540638.59,645173.45,699022.51,512043.93,.,.,.24324097,.,.,.,.,.,.,.10953734,.,.,.,.,.,.,.,.45470396,.33044576,.28729939,.2247282,.,.,.
be97,.99759221,.,390641.66,.,109852.72,.,.,722471.5,848201.68,923770.2,643316.44,.,316851.53,.26713668,.,.,.,.,.,.,.12277439,.,.12277439,.,.29453382,.,.,.,.48494145,.37522413,.32486234,.25197562,.29481661,.,.
br06,.97141596,.,5779.5616,248.83549,249.2792,.,.,9080.2664,11179.549,11469.938,10529.228,.,.,.53273053,.,.,.,.,.,.,.26768659,.,.,.,.,.,.,.,.59502118,.54515609,.5260309,.50457532,.,.,.
br09,.9676905,.,7485.6243,332.31606,332.76751,.,.,11554.071,14276.077,14640.076,13410.69,.,.,.50912006,.,.,.,.,.,.,.2523043,.,.,.,.,.,.,.,.5743726,.52176523,.50271597,.47992015,.,.,.
br11,.94488225,.,8928.5306,432.0391,432.49405,.,.,13825.54,16908.109,17324.726,15839.444,.,8122.0728,.49903162,.,.,.,.,.,.,.2458742,.,.2458742,.,.56856102,.,.,.,.57046844,.51158005,.49355782,.47032542,.56879201,.,.
br13,.94482871,.,11097.351,578.87075,579.32815,.,.,17019.117,20802.788,21399.91,19477.715,.,10045.261,.48997201,.,.,.,.,.,.,.23895233,.,.23895233,.,.55474458,.,.,.,.56936048,.5067905,.48573411,.46113287,.55496898,.,.
ca71,.98826712,.,2445.2771,.,.,.,.,4656.8186,4853.2473,5042.8941,4295.7192,.,.,.36641193,.,.,.,.,.,.,.17067046,.,.,.,.,.,.,.,.40386961,.37468946,.34815031,.31729262,.,.,.
ca75,.99291413,.,4210.1592,.,.,.,.,7772.8176,8149.4627,8664.3697,7392.9797,.,.,.32934824,.,.,.,.,.,.,.1522938,.,.,.,.,.,.,.,.38515919,.35272203,.31864162,.29021074,.,.,.
ca81,.99614439,.,8135.8065,.,.,.,.,14571.219,15396.952,16214.622,13728.168,.,.,.32263237,.,.,.,.,.,.,.14723089,.,.,.,.,.,.,.,.38120357,.3459928,.31447525,.28599906,.,.,.
ca87,.99823425,.,11552.603,.,.,.,.,20983.743,22699.799,24066.928,19538.78,.,.,.31423602,.,.,.,.,.,.,.14467679,.,.,.,.,.,.,.,.40657095,.35627736,.31920819,.28496271,.,.,.
ca91,.99751137,.,14058.492,.,.,.,.,24830.199,27278.001,29498.129,23664.533,.,.,.3093899,.,.,.,.,.,.,.1425696,.,.,.,.,.,.,.,.42792992,.3732899,.32472831,.28434755,.,.,.
ca94,.99765409,.,14831.182,.,.,.,.,25247.351,28169.953,30413.262,24372.821,.,.,.31161421,.,.,.,.,.,.,.14387923,.,.,.,.,.,.,.,.45048215,.38165852,.32960922,.28729332,.,.,.
ca97,.9986725,.,15666.768,.,.,.,.,26956.701,30242.844,32152.809,25628.787,.,.,.31617142,.,.,.,.,.,.,.147437,.,.,.,.,.,.,.,.45214411,.38016344,.33697492,.2961511,.,.,.
ca98,.99771796,.,16301.891,.,.,.,.,27665.613,31352.7,33519.264,26778.35,.,.,.33162708,.,.,.,.,.,.,.1581419,.,.,.,.,.,.,.,.48370773,.40806582,.35869631,.31411503,.,.,.
ca00,.99742585,.,17282.141,.,.,.,.,31183.316,35180.972,37044.07,28283.037,.,.,.33345618,.,.,.,.,.,.,.15853067,.,.,.,.,.,.,.,.47570361,.40097371,.36213717,.31989967,.,.,.
ca04,.99847193,.,20440.988,.,.,.,.,38081.709,43009.391,45233.921,33040.487,.,.,.3374388,.,.,.,.,.,.,.16135754,.,.,.,.,.,.,.,.48013,.40129563,.36520507,.32389273,.,.,.
ca07,.99937452,.,23874.95,.,.,.,.,43428.833,49042.625,51582.845,38276.27,.,.,.33843207,.,.,.,.,.,.,.16022629,.,.,.,.,.,.,.,.47707526,.39926451,.36350541,.32157541,.,.,.
ca10,.99901805,.,25502.14,.,.,.,.,45014.214,50627.357,54254.646,41089.998,.,.,.33594436,.,.,.,.,.,.,.15999744,.,.,.,.,.,.,.,.48340741,.40866755,.36050479,.31955932,.,.,.
ca13,.99939909,.,27847.708,.,.,.,.,49861.7,56584.551,60056.677,45188.445,.,.,.33800276,.,.,.,.,.,.,.16231828,.,.,.,.,.,.,.,.47724256,.40196475,.35909068,.32253386,.,.,.
cn02,.99887057,6148.7561,5005.5321,.,582.02961,.,.,7876.4935,8628.1381,8731.1552,8393.9886,.,.,.44652159,.35128607,.,.,.,.,.,.22472597,.,.,.,.,.,.,.,.4220821,.41507904,.41291153,.40885524,.,.,.44652159
co07,.88889031,.,3464780.8,439059.18,1462297.6,.,.,6321061.1,6965810.6,7092287.9,6167868.6,.,3229277.8,.58920331,.,.,.,.,.,.,.30168202,.,.30168202,.,.62786791,.,.,.,.58026728,.57964862,.57845639,.56546189,.62791172,.,.
cz92,.99993135,.,32104.18,.,.,.,.,47861.522,56989.302,63075.794,54638.35,.,.,.20704417,.,.,.,.,.,.,.0923354,.,.,.,.,.,.,.,.40229007,.27183114,.23216367,.20719443,.,.,.
cz96,.99964614,.,62070.678,.,.,.,.,107828.13,123021.41,129868.26,107160.54,.,56895.986,.25782687,.,.,.,.,.,.,.1250857,.,.1250857,.,.28681231,.,.,.,.43375721,.32385854,.29428051,.2563807,.28719135,.,.
cz02,.99991531,.,93156.071,.,.,.,.,193667.55,221507.26,232569.99,152734.83,.,85274.449,.26550269,.,.,.,.,.,.,.12219788,.,.12219788,.,.29275034,.,.,.,.47526295,.36790115,.33506898,.26100837,.29304491,.,.
cz04,1,.,104342.8,30842.45,35124.541,.,.,221430.88,253402.64,265223.52,171639.72,93563.463,97359.171,.27372333,.,.,.,.,.,.,.12737547,.12984524,.12737547,.12984524,.30638125,.30551282,.,.,.4788663,.37317649,.34372588,.2718568,.30676254,.30593922,.
cz07,.99971646,.,130076.55,38881.624,43028.823,.,.,276979.78,315601.4,329778.17,214046.79,116646.76,120929.5,.25525384,.,.,.,.,.,.,.11970223,.12146818,.11970223,.12146819,.28595373,.28530983,.,.,.45792074,.35291502,.3294029,.2576842,.28639345,.28580284,.
cz10,.99985384,.,148031.41,44104.712,45813.705,.,.,293532.41,339628.13,353058.47,240096.81,129176.14,134379.77,.26579985,.,.,.,.,.,.,.12345566,.12577744,.12345566,.12577744,.29731842,.29651817,.,.,.45927398,.34529302,.32581031,.26405914,.29770741,.29696241,.
cz13,1,.,157623.87,46675.683,49681.027,.,.,307207.47,356423.17,368769.7,251390.09,142351.92,147406.26,.26608833,.,.,.,.,.,.,.12092529,.12295307,.12092529,.12295307,.30296092,.3022208,.,.,.47013737,.35059057,.32982509,.26651656,.30351103,.30284403,.
dk87,.99324773,.,75664.732,.,4532.2386,.,.,134844.26,150320.04,169610.45,116209.55,.,.,.25989513,.,.,.,.,.,.,.11893239,.,.,.,.,.,.,.,.41674678,.32970116,.28148732,.25652596,.,.,.
dk92,.99468395,.,87381.249,.,4313.1861,.,.,152628.26,175274.37,197391.58,131605.21,.,.,.24469413,.,.,.,.,.,.,.10976996,.,.,.,.,.,.,.,.45049058,.35044936,.28279374,.23998288,.,.,.
dk95,.99859681,.,95237.273,27801.304,28658.598,.,.,169886.5,198633.36,224455.29,147713.35,85887.228,92832.158,.22922447,.,.,.,.,.,.,.09975725,.09315009,.09975725,.09315009,.27820372,.23743267,.,.,.45262773,.33656776,.26490691,.22583196,.27967832,.24111371,.
dk00,.9983926,.,114014.89,31505.968,32898.394,.,.,211193.56,244529.24,267621.42,174948.33,111883.91,120651.05,.2373684,.,.,.,.,.,.,.10372643,.1028711,.10372643,.1028711,.29991635,.26423263,.,.,.44178245,.32992014,.27407246,.22976292,.30204677,.26828649,.
dk04,.99691994,.,130173.96,19095.575,37729.471,.,.,231115.46,270529.28,298424.91,199941.14,120710.69,130914.09,.24156762,.,.,.,.,.,.,.10541336,.10981791,.10541336,.10981791,.30014144,.29693924,.,.,.4522499,.33452432,.27335059,.23263869,.30197658,.30037672,.
dk07,.99613728,.,144853.59,.,31583.443,.,.,269554.72,312563.23,336993.49,221864.6,.,156860.71,.25216136,.,.,.,.,.,.,.10965437,.,.10965437,.,.32381031,.,.,.,.44636522,.33382352,.2858009,.24422847,.32627247,.,.
dk10,.9966494,.,160271.19,.,26266.263,.,.,278967.19,330669.14,359727.36,243119.5,.,158802.43,.26006031,.,.,.,.,.,.,.11560368,.,.11560368,.,.31547089,.,.,.,.47711762,.34939069,.29432112,.25910174,.31700695,.,.
dk13,.9985921,.,165427.27,.,26010.279,.,.,287665.65,345196.4,376329.83,253375.33,.,162680.11,.25734913,.,.,.,.,.,.,.11617033,.,.11617033,.,.3112056,.,.,.,.48478856,.3508178,.29284353,.25726085,.31269664,.,.
do07,.99287735,105892.84,59300.091,11439.298,23797.212,.,.,102130.14,105718.71,105404.85,102612.46,.,.,.53681031,.35408475,.34237908,.,.,.,.,.27355056,.,.,.,.,.,.,.,.56732113,.56938961,.56428389,.55800374,.,.,.53681031
eg12,.98346815,.,5773.5719,.,.,.,.,10085.436,11116.627,11218.37,.,.,.,.5379827,.,.,.,.,.,.,.26210553,.,.,.,.,.,.,.,.56004817,.52969988,.52328259,.,.,.,.
ee00,.99400832,45220.171,27702.249,5990.5975,6640.9824,28188.239,28655.352,34491.124,40984.734,44410.208,39019.621,28188.24,28655.353,.36261788,.24929923,.25757399,.24929923,.25757399,.39649878,.39397727,.18289872,.18269634,.18289872,.18269634,.41635171,.41633094,.4067713,.40510572,.50582331,.38839863,.36222395,.3430463,.41695728,.4169755,.36261788
ee04,.99326111,.,40068.919,8601.2652,8601.2719,.,.,65363.535,75099.173,79348.475,65987.972,45412.014,46095.223,.34181807,.,.,.,.,.,.,.176877,.17742604,.176877,.17742604,.39907005,.3988137,.,.,.50592544,.402212,.38457123,.35335616,.3999442,.39972299,.
ee07,.99899852,.,69036.096,10968.315,34357.488,.,.,112332.16,126941.64,133003.55,111733.94,74058.542,75949.499,.31139153,.,.,.,.,.,.,.16087994,.16244525,.16087994,.16244525,.36656219,.36578841,.,.,.45348296,.35720193,.34200244,.31580511,.36763072,.36694947,.
ee10,.99846984,.,71280.796,13964.719,25626.518,.,.,144472.52,163383.85,173149.17,113940.32,66703.084,67839.661,.3206758,.,.,.,.,.,.,.16097609,.16243967,.16097609,.16243967,.36947115,.36884732,.,.,.48295526,.38676414,.3689134,.32268285,.37022525,.36964086,.
ee13,.97277936,.,6035.8129,1088.3454,1731.8921,.,.,11338.889,12926.409,13541.124,9649.0747,6030.2573,6157.1993,.34812124,.,.,.,.,.,.,.18175081,.18412377,.18175081,.18412377,.40239599,.40144213,.,.,.52715195,.42485674,.4127317,.35465905,.40318879,.40229748,.
fi87,.99981709,.,39431.863,.,2813.5121,.,.,70846.539,82014.287,87563.968,64237.871,.,.,.221723,.,.,.,.,.,.,.09555114,.,.,.,.,.,.,.,.39015286,.29166509,.26065319,.20848542,.,.,.
fi91,.99949428,.,55029.996,8704.9165,14064.842,.,.,90802.614,107274.82,117252.22,87982.706,.,.,.22878388,.,.,.,.,.,.,.09762916,.,.,.,.,.,.,.,.40853979,.30125239,.25931115,.21132969,.,.,.
fi95,.99978474,.,54815.081,.,6482.3697,.,.,83924.556,103479.36,120791.19,86653.844,.,48117.442,.23457178,.,.,.,.,.,.,.09886524,.,.09886524,.,.27668779,.,.,.,.48266273,.35847868,.27227315,.21918506,.27768379,.,.
fi00,.99976329,.,68456.105,.,9331.6545,.,.,138519.01,160264.7,174169.66,106629.53,.,62747.779,.271491,.,.,.,.,.,.,.12004826,.,.12004826,.,.32340405,.,.,.,.48016719,.3750118,.32326719,.25749325,.32452944,.,.
fi04,.99974675,.,13874.239,.,1946.5412,.,.,26811.766,31203.702,33742.599,21513.675,.,12436.726,.28256706,.,.,.,.,.,.,.12522054,.,.12522054,.,.33167194,.,.,.,.48577512,.37680083,.32826986,.26855866,.33260537,.,.
fi07,.99992937,.,15882.877,.,2905.5243,.,.,29946.063,34667.77,37776.367,24439.931,.,14624.824,.28199963,.,.,.,.,.,.,.12790839,.,.12790839,.,.32843369,.,.,.,.47915563,.37468753,.32617281,.26905256,.3293054,.,.
fi10,.99960492,.,17195.239,.,3323.8959,.,.,31034.169,36652.545,39766.991,26366.999,.,15087.053,.27764783,.,.,.,.,.,.,.12532729,.,.12532729,.,.31778096,.,.,.,.48926556,.37168592,.32317702,.26625907,.3184616,.,.
fi13,.99973749,.,18637.023,.,3865.2587,.,.,33669.823,40300.987,43525.943,28432.409,.,16633.617,.27220016,.,.,.,.,.,.,.12442471,.,.12442471,.,.31646002,.,.,.,.49785586,.37332795,.3253492,.263997,.31734672,.,.
fr78,.9796865,37383.811,21732.808,5006.3801,.,16133.133,16793.52,.,.,.,.,16133.134,16793.52,.34904751,.14904922,.14873405,.14904922,.14873405,.38479011,.38446276,.16149478,.16192078,.16149478,.16192078,.38256591,.38213136,.38850469,.38866497,.,.,.,.,.38273506,.38233566,.34904751
fr84,.93834618,79855.327,41346.883,21432.79,21432.791,33362.847,34594.868,.,.,.,.,33362.846,34594.867,.36394276,.17021909,.17281951,.17021909,.17281951,.40245117,.40155211,.1644979,.16454839,.1644979,.16454839,.40358843,.4031797,.40577912,.40585637,.,.,.,.,.403801,.40339287,.36394276
fr89,.94116942,100232.17,49554.394,27557.183,27557.183,41339.374,43027.507,.,.,.,.,41339.374,43027.51,.31714486,.1977832,.20963528,.1977832,.20963528,.34227119,.33953498,.14219868,.14120523,.14219868,.14120523,.35397206,.35378633,.34642816,.34492997,.,.,.,.,.35424329,.35405396,.31714486
fr94,.99960234,116801.22,64632.645,26701.266,26701.268,51907.005,54350.378,.,.,.,.,51907.004,54350.38,.32319753,.1800508,.18729247,.1800508,.18729247,.33744557,.33566713,.14394513,.1367711,.14394513,.1367711,.35777164,.34545276,.34096148,.3401303,.,.,.,.,.35801783,.34571407,.31159134
fr00,.99862182,96981.578,70108.553,8028.2247,23089.128,56790.751,59462.17,150514.24,172605.68,183742.61,112344.51,56790.748,59462.17,.31070863,.1716663,.16622777,.1716663,.16622777,.33867103,.33947911,.13803986,.1336235,.13803986,.1336235,.34543355,.34597159,.35338266,.34555203,.4910054,.39448906,.35213103,.28215108,.34570154,.34828534,.31070863
fr05,.99972491,15716.461,12188.377,2825.4543,5277.5302,9833.0296,10318.794,24694.997,29040.74,30918.65,19397.717,9833.0292,10318.794,.31648985,.13491784,.15114184,.13491784,.15114184,.35123226,.3477823,.13902373,.14288331,.13902373,.14288331,.35044663,.34934524,.35719842,.35548799,.48668528,.38349344,.34191374,.28373837,.35069034,.34967501,.31648985
fr10,.97687955,18013.192,15562.754,2594.9911,7114.3794,12208.989,12857.052,30223.205,35395.934,37549.562,23350.264,12208.989,12857.051,.31760199,.14664833,.15495118,.14664833,.15495118,.34711198,.34532952,.13866885,.14086385,.13866885,.14086385,.3484894,.34773102,.35068063,.34981767,.50369212,.39406979,.35640922,.29039535,.34871456,.34804289,.31760199
ge10,.97222567,2865.8293,1624.636,317.20653,.,.,.,2058.8897,2457.6215,2519.7859,.,.,.,.45578654,.29049165,.29479604,.,.,.,.,.23101975,.,.,.,.,.,.,.,.59250442,.48559325,.46700004,.,.,.,.45578654
ge13,.96996459,3818.6843,2317.4946,443.08883,.,.,.,2897.4518,3425.8623,3506.999,.,.,.,.41449376,.28145667,.28403513,.,.,.,.,.20647394,.,.,.,.,.,.,.,.55317034,.4553685,.43582637,.,.,.,.41449376
de73,.99878812,10431.911,9103.1016,745.01342,745.24921,.,.,15918.445,16706.459,18203.475,14713.002,.,.,.29868411,.15423072,.15969935,.,.,.,.,.13676114,.,.,.,.,.,.,.,.38377725,.35740304,.28994244,.27136932,.,.,.29868411
de78,.99957012,14622.545,13368.165,944.72242,944.99811,.,.,21928.195,25610.312,26550.297,21308.855,.,.,.28533053,.15209244,.15950146,.,.,.,.,.12965664,.,.,.,.,.,.,.,.42596019,.3100473,.29431649,.26463464,.,.,.28533053
de81,1,.,13203.548,.,.,.,.,23309.521,26950.416,28365.354,21498.616,.,.,.28127594,.,.,.,.,.,.,.11837814,.,.,.,.,.,.,.,.40844708,.30072825,.27466817,.24565924,.,.,.
de83,.99972483,21604.751,17405.97,1506.2242,1506.5165,.,.,26622.119,31281.374,32721.075,26326.409,.,.,.28434025,.14987804,.15878705,.,.,.,.,.1260936,.,.,.,.,.,.,.,.43245707,.31601249,.29395213,.26693723,.,.,.28434025
de84,.99734824,.,14497.618,2800.1979,3494.5235,.,.,25714.136,29938.367,30992.326,23040.678,.,.,.28480873,.,.,.,.,.,.,.12263694,.,.,.,.,.,.,.,.4464164,.3277802,.30752921,.25677367,.,.,.
de89,.99822719,.,17764.063,4457.3011,5326.7348,.,.,32073.884,37434.74,38587.668,27836.793,.,.,.28490868,.,.,.,.,.,.,.12318737,.,.,.,.,.,.,.,.44760896,.32931261,.31099193,.26000151,.,.,.
de94,.99860225,.,20752.613,6151.4596,7287.2025,.,.,35593.494,41766.502,43619.817,32056.367,.,.,.29171858,.,.,.,.,.,.,.12725088,.,.,.,.,.,.,.,.46501934,.34647846,.31682329,.26674866,.,.,.
de00,.99936706,.,24429.009,6775.6281,8392.1775,.,.,48591.356,56160.65,59259.715,37229.337,19146.98,20887.753,.28825179,.,.,.,.,.,.,.12547575,.12688022,.12547575,.12688022,.31446908,.31153864,.,.,.47527542,.36000308,.33113693,.26320199,.31468219,.31201145,.
de04,.99950233,.,13568.911,3786.7587,4626.6722,.,.,25540.416,29811.458,31707.607,20429.744,10434.049,11373.477,.30431911,.,.,.,.,.,.,.13303088,.13407698,.13303088,.13407698,.33031653,.32589132,.,.,.50696078,.38626954,.35055567,.2808934,.33050704,.32621772,.
de07,.99855399,.,14690.777,3969.237,4915.3214,.,.,26886.511,31689.634,33576.255,21949.728,11332.82,12329.376,.31315116,.,.,.,.,.,.,.13968206,.14155023,.13968206,.14155023,.34180615,.33861898,.,.,.51905659,.39333316,.3582398,.2943376,.34204162,.33901238,.
de10,.99792692,.,15307.711,4499.3372,5525.0647,.,.,28009.276,33088.784,35084.68,22891.86,11851.63,12883.351,.30218419,.,.,.,.,.,.,.13916694,.14360864,.13916694,.14360865,.32856899,.32731079,.,.,.51429428,.38764128,.35231144,.29027379,.32880075,.32767798,.
de13,.99881801,.,16266.89,4449.3789,5584.0933,.,.,29590.45,35076.942,37092.137,24141.699,12726.156,13786.043,.3113334,.,.,.,.,.,.,.14161951,.14497694,.14161951,.14497694,.33972653,.33726871,.,.,.52821623,.39832747,.36179137,.29610356,.3399703,.3376667,.
gr95,.97717561,.,1289340.2,.,.,.,.,1746116,2187755.9,2214316,.,.,1094367.3,.36506327,.,.,.,.,.,.,.17952752,.,.17952752,.,.39608433,.,.,.,.47119095,.35912987,.35347074,.,.39621349,.,.
gr00,.99032742,.,1807268.3,.,.,.,.,2511901.1,3159727.5,3205189.9,.,.,1734450.7,.34075605,.,.,.,.,.,.,.17088436,.,.17088436,.,.37524051,.,.,.,.4717445,.34714192,.34087879,.,.3754344,.,.
gr04,.99371525,.,7595.6688,2921.7987,4975.2921,.,.,10201.683,12821.413,13051.491,.,6977.2577,7205.6864,.33187079,.,.,.,.,.,.,.16459926,.16686292,.16459926,.16686292,.36232459,.36181613,.,.,.46896682,.34905117,.34032341,.,.36249675,.36200592,.
gr07,.99113959,.,8788.0185,3270.23,5612.7603,.,.,19290.591,22763.707,23247.025,14606.987,8230.1931,8493.2707,.33286671,.,.,.,.,.,.,.15928602,.16135733,.15928602,.16135733,.36654638,.36600801,.,.,.48936801,.38205389,.37891923,.32937579,.36675225,.36624068,.
gr10,.99071239,.,8736.3413,3280.0794,5728.0471,.,.,17029.351,21414.217,21916.134,14293.802,8420.2611,8740.0922,.33274212,.,.,.,.,.,.,.16091509,.16340898,.16091509,.16340898,.36755226,.36685698,.,.,.52080945,.38031939,.36858779,.32553677,.36776809,.36709655,.
gr13,.9978986,.,6390.9381,3058.4436,5109.8735,.,.,11476.004,15081.268,15414.126,10385.444,6775.7108,7069.4137,.35369982,.,.,.,.,.,.,.16439294,.16751437,.16439294,.16751437,.40570035,.40462814,.,.,.56584582,.40286883,.3901512,.34529431,.40609461,.40507331,.
gt06,.99650206,16909.103,9778.0073,1921.3493,4349.3864,.,.,21307.82,21701.629,21992.017,20719.661,.,.,.52703906,.3455988,.35316981,.,.,.,.,.26893903,.,.,.,.,.,.,.,.53374007,.53325634,.52547481,.50369043,.,.,.52703906
gt11,.98759045,.,10143.555,495.57156,3100.8521,.,.,22268.863,22641.795,22719.576,21374.595,.,.,.55222034,.,.,.,.,.,.,.27899431,.,.,.,.,.,.,.,.56061031,.55960464,.55707158,.54852219,.,.,.
gt14,.99753892,19884.094,10870.808,2509.9191,5380.368,.,.,26086.084,26583.59,26869.913,22770.273,.,.,.44927809,.26204848,.27005426,.,.,.,.,.21469559,.,.,.,.,.,.,.,.46259009,.46383377,.45722802,.43269949,.,.,.44927809
hu91,.99230506,124838.39,112730.03,39817.572,39817.582,.,.,139387.27,174721.47,201679.74,.,.,.,.29079075,.1191591,.13867906,.,.,.,.,.14515011,.,.,.,.,.,.,.,.47519606,.34560852,.28946636,.,.,.,.29079075
hu94,.94377781,227031.78,182328.55,72122.441,72122.442,.,.,211094.49,271519.36,309970.96,.,.,.,.33169266,.12493238,.14522588,.,.,.,.,.16082086,.,.,.,.,.,.,.,.5403982,.38843542,.32631789,.,.,.,.33169266
hu05,.97698908,1060555.2,755356.88,148040.42,.,709189.69,714799.76,824230.55,1148341.4,1256347.7,.,709189.65,714799.77,.30561717,.13804577,.14226648,.13804577,.14226648,.34215938,.34080949,.1394959,.13990544,.1394959,.13990544,.35604219,.35829453,.35185477,.35241268,.52791051,.33178304,.28656534,.,.35670283,.35891916,.29489542
hu07,.95883986,1110643.7,837512.68,177778.87,.,822234.04,828825.03,885598.26,1243978.8,1383523.7,.,822234.06,828825.03,.28436478,.13896754,.1395586,.13896754,.1395586,.33362993,.3333354,.12704364,.12607509,.12704363,.12607509,.33786841,.33449053,.34558254,.34804023,.5117692,.3219757,.26795297,.,.33876422,.33546644,.28303559
hu09,.96661397,1259676.9,890281.73,268980.58,.,871751.98,879877.8,898947.49,1320117.9,1463376,.,871751.93,879877.82,.29091383,.13810049,.14299918,.13810049,.14299918,.36400796,.36218951,.12832628,.13670977,.12832628,.13670977,.34868778,.38169743,.36985844,.36945036,.54046653,.3314743,.27163832,.,.34949967,.38240367,.30584285
hu12,.97676698,1295563.6,1015969,299027.92,.,966026.29,976500.79,1070430.8,1514682.4,1662989.5,.,966026.32,976500.78,.30881234,.17294309,.17896378,.17294309,.17896378,.35963399,.35706853,.13815798,.1352502,.13815798,.1352502,.37590953,.36982039,.37026643,.36872275,.5403075,.3474535,.28955752,.,.37693301,.37091867,.30578665
is04,.99763184,.,1544946.1,312817.36,313041.71,.,.,3233846.5,3539183,3681866.1,2553812.3,1710910.3,1777050.9,.2769699,.,.,.,.,.,.,.12078989,.12229428,.12078989,.12229428,.34223954,.34125998,.,.,.37575222,.31505449,.29498099,.26540641,.34358811,.34282191,.
is07,.99903169,.,2201452.1,452197.04,1034704.4,.,.,4605871.2,4995794.6,5150664,3648284.6,2147206.8,2229914.7,.29253424,.,.,.,.,.,.,.13405408,.13456606,.13405408,.13456606,.35193573,.35008567,.,.,.38349674,.3281922,.31092667,.28783907,.35301325,.35139128,.
is10,.99887458,.,2332102,486422.1,1056373.1,.,.,4708085,5267996.7,5573806.9,3816359.4,2695589.2,2852957.2,.26257853,.,.,.,.,.,.,.11614112,.1188421,.11614112,.1188421,.31126324,.30912593,.,.,.40383739,.33169045,.29885698,.25445726,.31220916,.31036342,.
in04,.98382988,20535.158,9894.475,1750.8288,1853.8461,.,.,21654.928,22422.67,22737.408,.,.,.,.50136774,.21500913,.20661086,.,.,.,.,.26185838,.,.,.,.,.,.,.,.50183523,.50069654,.49234002,.,.,.,.50136774
in11,.98575222,48647.95,25496.26,3991.1627,4114.0596,.,.,50655.624,53238.692,54613.621,.,.,.,.5106635,.21756369,.21686538,.,.,.,.,.26588517,.,.,.,.,.,.,.,.53528159,.53079235,.51591938,.,.,.,.5106635
ie87,0,.,.,.,.,.,.,.,.,.,.,.,.,.,.,.,.,.,.,.,.,.,.,.,.,.,.,.,.,.,.,.,.,.,.
ie94,.99146939,.,5101.4611,779.97383,780.19705,.,.,7337.4715,8237.3869,10166.199,.,.,.,.36873854,.,.,.,.,.,.,.17458071,.,.,.,.,.,.,.,.51105407,.43080401,.31955516,.,.,.,.
ie95,.97966001,.,5401.4746,851.95707,852.17314,.,.,7858.6361,8844.7295,10810.108,.,.,.,.36966956,.,.,.,.,.,.,.17733691,.,.,.,.,.,.,.,.50439195,.42658638,.32793803,.,.,.,.
ie96,.98908022,.,5753.6051,951.16091,951.37435,.,.,8282.3665,9358.6941,11512.31,.,.,.,.35589176,.,.,.,.,.,.,.17098649,.,.,.,.,.,.,.,.49607826,.41826736,.31861103,.,.,.,.
ie04,.99856102,.,13953.488,2040.5002,7331.7488,.,.,26406.579,29286.559,34688.05,27448.32,12728.98,13101.319,.33780001,.,.,.,.,.,.,.16487166,.16812275,.16487166,.16812275,.38873806,.38793716,.,.,.51620151,.44585428,.35843275,.31314126,.38927754,.38857555,.
ie07,.99844812,.,17199.898,2655.7736,8666.7479,.,.,30764.829,34444.917,41983.554,33711.455,15972.076,16519.643,.31698862,.,.,.,.,.,.,.1545634,.15871429,.1545634,.15871429,.3652238,.36438537,.,.,.51622619,.44096879,.34272612,.29473697,.36580712,.36508036,.
ie10,.99509475,.,14809.513,2494.4431,6865.639,.,.,25037.875,28708.617,37115.686,28768.705,12601.011,13152.375,.31849948,.,.,.,.,.,.,.1538247,.16061769,.1538247,.16061769,.35395638,.3512083,.,.,.5791812,.49756814,.3700063,.30937163,.35423606,.35159308,.
il79,1,.,6309.3167,.,1851.8955,.,.,14764.974,15782.188,16604.52,11722.973,.,.,.36335102,.,.,.,.,.,.,.16889617,.,.,.,.,.,.,.,.43482373,.39011235,.36383131,.30939271,.,.,.
il86,.99954208,.,4875.0003,.,.,.,.,10170.529,11271.913,11935.617,9178.9045,.,.,.36463069,.,.,.,.,.,.,.16990299,.,.,.,.,.,.,.,.48716103,.42238052,.38341715,.31593818,.,.,.
il92,1,36371.108,15052.746,4508.5086,9294.4275,.,.,29728.791,32773.099,35285.989,28247.955,.,.,.35509054,.24665712,.2555232,.,.,.,.,.16563571,.,.,.,.,.,.,.,.47979548,.42379974,.37178238,.31417646,.,.,.35509054
il97,1,62624.078,26110.925,7081.3932,16273.945,.,.,53160.711,58823.409,63395.21,48291.805,.,.,.38099295,.28348874,.2954768,.,.,.,.,.18160828,.,.,.,.,.,.,.,.5074398,.45266536,.40149135,.34100137,.,.,.38099295
il01,.99731354,54541.695,33771.675,5451.3419,17362.799,.,.,66726.255,75234.25,81769.775,62102.596,.,.,.38949875,.21236438,.21924353,.,.,.,.,.18492993,.,.,.,.,.,.,.,.54858261,.48144886,.42082565,.35661755,.,.,.38949875
il05,.99762817,58767.357,36268.235,6792.2177,19002.475,.,.,67650.919,77371.169,81788.81,65791.368,.,.,.41790914,.23080816,.23860853,.,.,.,.,.19919452,.,.,.,.,.,.,.,.53646064,.4664321,.42964546,.38417395,.,.,.41790914
il07,.99759403,62841.608,40153.63,7326.3872,20451.812,.,.,75816.072,85715.788,90152.87,72761.702,.,.,.4110012,.22689678,.23176549,.,.,.,.,.19662967,.,.,.,.,.,.,.,.52377487,.45961093,.42469082,.37595172,.,.,.4110012
il10,.99885262,71283.412,46891.839,8485.3222,26017.116,.,.,90679.156,101529.54,106632.29,85271.334,.,.,.42531796,.22691359,.23637814,.,.,.,.,.20066909,.,.,.,.,.,.,.,.53272023,.47249887,.43982618,.39284501,.,.,.42531796
il12,.99660984,75254.659,51764.423,9635.2942,28108.217,.,.,95130.187,106906.49,112042.92,93424.395,.,.,.41348529,.21284465,.22122597,.,.,.,.,.19720051,.,.,.,.,.,.,.,.50688444,.44671742,.41808489,.37788693,.,.,.41348529
it86,.99965044,.,6889524.5,.,1403019,.,.,9959362.3,12152225,12485356,.,.,.,.32494292,.,.,.,.,.,.,.15676926,.,.,.,.,.,.,.,.42973641,.31298869,.30929524,.,.,.,.
it87,.99755264,.,7908637.5,388408.58,2281622.7,.,.,11611486,14071653,14221540,.,.,.,.34387408,.,.,.,.,.,.,.17318107,.,.,.,.,.,.,.,.45564591,.3405688,.33381015,.,.,.,.
it89,.99913001,.,9889671.7,438738.27,2995720.6,.,.,14002114,17154694,17306100,.,.,.,.32568147,.,.,.,.,.,.,.15382653,.,.,.,.,.,.,.,.43071763,.30963814,.30480221,.,.,.,.
it91,.99820088,.,11207186,448139.68,3524339.1,.,.,15546615,19393874,19610805,.,.,.,.31346622,.,.,.,.,.,.,.14714192,.,.,.,.,.,.,.,.41852021,.29884291,.29293193,.,.,.,.
it93,.99698193,.,11780765,491813.6,4217836,.,.,15996515,20379477,20702118,.,.,.,.35344274,.,.,.,.,.,.,.17407667,.,.,.,.,.,.,.,.4762182,.35168086,.34195119,.,.,.,.
it95,.99552993,13680969,12555415,.,.,.,10048902,16227005,21505526,21836870,.,.,10048902,.3509259,.15466799,.,.15466799,.,.38156393,.,.16999356,.,.16999356,.,.37917144,.,.38257611,.,.47680881,.34708597,.3384535,.,.37928432,.,.3509259
it98,.99049411,14009732,14816587,.,.,.,12742018,18862413,24943427,25213771,.,.,12742018,.36116673,.15318516,.,.15318516,.,.39623184,.,.17201171,.,.17201171,.,.39305774,.,.39840844,.,.48334336,.35087809,.34401791,.,.39320067,.,.36116673
it00,.99136318,15296225,15740347,.,.,.,13998536,19951603,26258254,26625558,.,.,13998537,.34702171,.15271147,.,.15271147,.,.38260395,.,.16476911,.,.16476911,.,.38039595,.,.38442039,.,.47281689,.33968227,.3296639,.,.38056685,.,.34702171
it04,.99840602,9306.2499,9394.7436,.,.,.,8053.4338,21364.262,25122.952,25361.982,15459.688,.,8053.4341,.35768156,.15562453,.,.15562453,.,.3907151,.,.16324022,.,.16324021,.,.38947004,.,.39245641,.,.5027299,.40638875,.39912305,.33569299,.38961672,.,.35768156
it08,.99234455,10186.465,10690.113,.,.,.,9203.6793,23347.295,27882.42,28145.317,17366.507,.,9203.6797,.34368927,.14897391,.,.1489739,.,.3754618,.,.15706155,.,.15706155,.,.37414211,.,.37673636,.,.47616564,.38430507,.37670544,.32394148,.37429916,.,.34368927
it10,.99382986,10579.245,10601.977,.,.,.,9431.0863,23367.78,27912.023,28223.091,17159.978,.,9431.0869,.3444314,.16039464,.,.16039464,.,.37694945,.,.15975695,.,.15975695,.,.37706212,.,.37841422,.,.48229063,.38803167,.37976767,.32234832,.37724093,.,.34443139
it14,.98140665,10068.162,10381.456,2007.7207,5801.5818,.,.,22452.952,27135.456,27505.883,16721.123,.,.,.34889759,.16545855,.18047896,.,.,.,.,.15976639,.,.,.,.,.,.,.,.49130841,.39856321,.38826067,.32257802,.,.,.34889759
lt10,.96431475,.,10950.152,2881.0086,4987.8143,.,.,15559.037,19546.143,20906.007,17897.767,10044.064,10088.996,.32484734,.,.,.,.,.,.,.16011647,.16037529,.,.,.,.,.,.,.53218795,.38517427,.35978241,.32935851,.,.,.
lt13,.98921445,.,14472.218,3077.5247,5538.7332,.,.,21619.897,25872.685,27257.921,23394.698,14215.785,14276.562,.34681092,.,.,.,.,.,.,.17664656,.17693239,.,.,.,.,.,.,.51530755,.39552582,.37502192,.35464834,.,.,.
lu85,.99952849,.,302944.21,.,.,.,.,395126.53,485295.89,511446.72,.,.,.,.26633385,.,.,.,.,.,.,.11590548,.,.,.,.,.,.,.,.37879649,.25569618,.23530967,.,.,.,.
lu91,1,.,487378.29,53748.766,53748.772,.,.,640756.81,791893.17,833381.74,.,.,.,.26790732,.,.,.,.,.,.,.11723523,.,.,.,.,.,.,.,.37443855,.26043607,.2396503,.,.,.,.
lu94,1,.,574024.51,55788.88,55788.913,.,.,728883.68,908668.08,972830.19,.,.,.,.26945323,.,.,.,.,.,.,.11538634,.,.,.,.,.,.,.,.39087832,.26542243,.23670364,.,.,.,.
lu97,.99969636,.,634124.38,88616.163,88616.179,.,.,762650.16,963233.92,1038301.3,.,.,.,.30139786,.,.,.,.,.,.,.12633639,.,.,.,.,.,.,.,.4365705,.29862859,.26284989,.,.,.,.
lu00,.99103046,.,734161.95,109399.62,318150.45,.,.,874638.57,1090964.8,1176216.7,.,.,.,.30448372,.,.,.,.,.,.,.12783139,.,.,.,.,.,.,.,.43292465,.29775762,.26349305,.,.,.,.
lu04,.99967696,.,22177.12,.,.,.,.,38652.787,46091.459,49160.414,36272.372,.,.,.31038046,.,.,.,.,.,.,.13151218,.,.,.,.,.,.,.,.45405854,.34220633,.31126694,.27167554,.,.,.
lu07,.99538903,.,24223.437,3817.7674,12069.066,.,.,43089.08,51122.568,54243.298,39149.995,.,.,.31206064,.,.,.,.,.,.,.13483429,.,.,.,.,.,.,.,.45733877,.3448638,.31619621,.27957105,.,.,.
lu10,.99650664,.,25146.216,4652.0705,12519.07,.,.,39529.724,48881.046,52717.707,40794.705,.,.,.30740907,.,.,.,.,.,.,.13346508,.,.,.,.,.,.,.,.4635501,.34557535,.30346036,.27222783,.,.,.
lu13,.99231577,.,27143.38,4491.574,13472.7,.,.,45465.905,56165.15,60043.248,43069.147,.,.,.32381153,.,.,.,.,.,.,.1381635,.,.,.,.,.,.,.,.47912311,.36013329,.32014575,.28156907,.,.,.
mx84,.99777061,.,111312.37,.,82233.074,.,.,235074.18,239686.02,239960.43,.,.,.,.47166359,.,.,.,.,.,.,.23914603,.,.,.,.,.,.,.,.46291088,.46141614,.46125524,.,.,.,.
mx89,.99888232,.,2246448.5,.,1158774.6,.,.,4640568.4,4745869.6,4750637.8,.,.,.,.51508196,.,.,.,.,.,.,.25617128,.,.,.,.,.,.,.,.49992861,.49363416,.49394038,.,.,.,.
mx92,.9993453,.,4589635.6,.,2641485.7,.,.,9298059.8,9519240.6,9531300.8,.,.,.,.53618327,.,.,.,.,.,.,.26996203,.,.,.,.,.,.,.,.52664561,.51791079,.51773488,.,.,.,.
mx94,.99905161,.,5602.6044,.,3489.1771,.,.,11032.706,11323.448,11433.965,.,.,.,.54401498,.,.,.,.,.,.,.2753562,.,.,.,.,.,.,.,.53950429,.53222245,.52598514,.,.,.,.
mx96,.99852236,.,7598.6084,.,4258.6844,.,.,14669.096,15091.378,15190.654,.,.,.,.5285726,.,.,.,.,.,.,.26514426,.,.,.,.,.,.,.,.52932725,.52150656,.51743864,.,.,.,.
mx98,.99751411,.,11849.306,.,5574.4835,.,.,22130.961,22976.339,23028.933,.,.,.,.54188705,.,.,.,.,.,.,.27360718,.,.,.,.,.,.,.,.54223535,.53399494,.53229858,.,.,.,.
mx00,.99877408,.,18083.469,.,8478.278,.,.,33088.391,34602.93,34681.456,.,.,.,.53311812,.,.,.,.,.,.,.26966924,.,.,.,.,.,.,.,.53557004,.52965364,.52775825,.,.,.,.
mx02,.99914698,.,20018.76,.,9504.3497,.,.,36627.912,38197.844,38809.466,.,.,.,.51008885,.,.,.,.,.,.,.25774891,.,.,.,.,.,.,.,.51861864,.51029577,.49838357,.,.,.,.
mx04,.99899244,.,23301.157,.,10757.692,.,.,41828.768,43931.142,44595.974,.,.,21145.625,.50648211,.,.,.,.,.,.,.25289741,.,.25289741,.,.5269145,.,.,.,.51126633,.5020522,.49125435,.,.52692898,.,.
mx08,.99568328,41496.981,32070.268,4252.9085,11952.298,27396.928,29116.15,52609.545,55774.161,58358.646,.,27396.928,29116.151,.52010137,.30564591,.30546236,.30564591,.30546236,.53770534,.53730943,.25979358,.25681537,.25979358,.25681537,.54146922,.54120957,.53824766,.53788185,.54572967,.5371311,.519072,.,.54148364,.54123371,.52010137
mx10,.99217726,47271.417,31106.335,5873.7587,14915.827,27527.461,28536.231,49531.014,53333.745,55789.463,.,27527.463,28536.231,.49492627,.32308866,.32592616,.32308866,.32592616,.50940349,.50883375,.24677018,.24470628,.24677018,.24470628,.51583328,.51551755,.51008769,.5095411,.52866032,.51522536,.49427319,.,.51585013,.51554112,.49492627
mx12,.99081472,51415.498,36819.348,4854.4864,14250.165,33834.881,35021.575,55821.189,60940.633,63707.475,.,33834.883,35021.574,.50416531,.33958162,.33775512,.33958162,.33775512,.51735149,.51714733,.24815467,.24433362,.24815467,.24433362,.52467647,.52443534,.51802806,.51785072,.5351605,.52384138,.50099546,.,.52469272,.52445451,.50416531
nl83,.99531741,.,12781.129,.,1194.6493,.,.,22569.021,27065.803,31820.668,21774.251,.,.,.28077964,.,.,.,.,.,.,.12394257,.,.,.,.,.,.,.,.48711225,.37282966,.29581773,.25241071,.,.,.
nl87,.98768154,.,14571.479,.,332.1515,.,.,25533.865,30311.728,36187.261,23867.185,.,.,.26589073,.,.,.,.,.,.,.10872469,.,.,.,.,.,.,.,.47476689,.3580261,.281695,.22952103,.,.,.
nl90,.9888149,.,18726.393,.,.,.,.,30069.961,36909.298,39661.064,29459.697,.,.,.30751939,.,.,.,.,.,.,.13008289,.,.,.,.,.,.,.,.45358797,.32882158,.28686501,.26762631,.,.,.
nl93,.99180589,.,18881.458,.,.,.,.,33112.838,40140.702,43182.847,29625.158,.,.,.30008678,.,.,.,.,.,.,.13008201,.,.,.,.,.,.,.,.46407342,.34279676,.30060643,.25837725,.,.,.
nl04,.99533077,.,13347.384,5701.7984,6584.9703,.,.,27853.257,32674.816,34459.326,20794.781,11518.773,12254.034,.30295341,.,.,.,.,.,.,.12521022,.12590424,.12521022,.12590424,.34011535,.33923595,.,.,.4450952,.3390402,.30185213,.26874793,.34043991,.33959256,.
nl07,.99612823,.,15583.827,3309.4139,4247.0671,.,.,31322.887,36710.774,38413.521,24480.082,13552.123,14392.812,.29817196,.,.,.,.,.,.,.12867355,.13401874,.12867355,.13401874,.33517523,.33336319,.,.,.47394041,.36397212,.33134777,.28107085,.33557557,.33409214,.
nl10,.99592639,.,15938.25,3364.195,4355.4214,.,.,32128.578,38166.227,40286.711,24816.586,13514.945,14459.608,.28085242,.,.,.,.,.,.,.12007199,.12584126,.12007199,.12584126,.31434848,.31250085,.,.,.46408926,.34897595,.31082475,.26052972,.31471498,.3130872,.
nl13,.99627365,.,16388.278,3365.9061,4514.2548,.,.,32533.22,38949.999,41120.991,25470.664,13865.24,14886.85,.28413423,.,.,.,.,.,.,.12391798,.13071153,.12391798,.13071153,.3171632,.31526338,.,.,.47792463,.36217288,.3235534,.26865337,.31753439,.31590218,.
no79,.99719151,.,27407.682,.,740.27682,.,.,52955.781,53487.164,60671.585,45074.592,.,25441.913,.26809293,.,.,.,.,.,.,.10980244,.,.10980244,.,.31989067,.,.,.,.37847981,.37092959,.27734608,.2288351,.32066369,.,.
no86,.99878861,.,66927.1,.,.,.,.,120951.1,122473.05,140734.92,106651.48,.,68243.787,.24562504,.,.,.,.,.,.,.11186783,.,.11186783,.,.30482673,.,.,.,.36535068,.3565957,.26418424,.22707451,.30650664,.,.
no91,.99803306,.,92826.527,.,1646.6749,.,.,160454.94,186335.55,193956.99,149879.24,.,87960.675,.25081214,.,.,.,.,.,.,.10840707,.,.10840707,.,.29745772,.,.,.,.39585659,.29408186,.27387892,.23408029,.29849076,.,.
no95,.9977811,.,102357.24,.,1927.3884,.,.,172152.79,200657.81,213548.21,161301.49,.,96035.923,.25910843,.,.,.,.,.,.,.11284266,.,.11284265,.,.3150364,.,.,.,.42959912,.3164958,.28426958,.24393443,.31645873,.,.
no00,.99751991,.,139705.82,.,2127.7022,.,.,266960.82,302450.68,321148.73,219749.54,.,129794.75,.27293095,.,.,.,.,.,.,.11745974,.,.11745974,.,.33279381,.,.,.,.43966443,.34195633,.30800176,.26255125,.33429276,.,.
no04,.99818805,.,168244.48,.,2121.4741,.,.,300653.93,344791.43,380804.96,263795.15,.,150013.42,.29979216,.,.,.,.,.,.,.12312451,.,.12312451,.,.3541596,.,.,.,.47820786,.37382626,.31904117,.28147776,.35510284,.,.
no07,.99747667,.,190365.28,.,.,.,.,350738.99,403916.54,441009.65,301176.68,.,181020.9,.26250219,.,.,.,.,.,.,.1155046,.,.1155046,.,.31631707,.,.,.,.44343729,.34012705,.29757345,.24486478,.31761785,.,.
no10,.99642811,.,216217.27,.,.,.,.,395695.74,464730.29,502976.65,342527.15,.,198019.49,.2633159,.,.,.,.,.,.,.11535692,.,.11535692,.,.30878773,.,.,.,.45491599,.33944368,.30152264,.24809512,.30973497,.,.
no13,.99642756,.,245260.85,.,.,.,.,449575.08,533678.88,570460.06,387628.16,.,211311.05,.26647051,.,.,.,.,.,.,.11801041,.,.11801041,.,.3082448,.,.,.,.45074382,.3349691,.30339615,.24996154,.30902075,.,.
pa07,.9909047,.,2261.782,.,.,.,.,3925.9476,4446.513,4530.4071,4210.2695,.,.,.52171652,.,.,.,.,.,.,.26638141,.,.,.,.,.,.,.,.54897056,.53235819,.51926673,.50295798,.,.,.
pa10,.9955493,.,2792.0549,106.20063,816.61098,.,.,4783.4612,5372.0731,5505.376,5088.1006,.,.,.51486733,.,.,.,.,.,.,.25898222,.,.,.,.,.,.,.,.54594228,.52885935,.50886254,.49608819,.,.,.
pa13,.9877303,.,3664.0818,157.8859,1213.2641,.,.,6478.7251,7162.507,7380.2223,6688.8936,.,.,.50729003,.,.,.,.,.,.,.25577777,.,.,.,.,.,.,.,.54672926,.53115572,.5068581,.49048267,.,.,.
py10,.99752704,.,9793753.3,300463.15,2475166.5,.,.,18384517,19035024,19194725,.,.,.,.53558804,.,.,.,.,.,.,.26592601,.,.,.,.,.,.,.,.53864616,.53873342,.53181822,.,.,.,.
py13,.99135618,.,13312875,444415.59,4088104.9,.,.,24794948,25591346,25853211,.,.,.,.5037375,.,.,.,.,.,.,.2564964,.,.,.,.,.,.,.,.51021334,.50781667,.49938205,.,.,.,.
pe04,.91741172,5335.558,3368.5514,579.19798,2313.4115,.,.,6412.1877,6837.81,7070.5788,6784.3175,.,.,.55568897,.37144382,.36207609,.,.,.,.,.29461456,.,.,.,.,.,.,.,.578004,.56472349,.55991489,.5519657,.,.,.55568897
pe07,.97420882,7020.7594,4431.6753,646.52338,2640.0878,.,.,8406.4941,8931.0719,9265.5509,8887.4031,.,.,.528636,.3542146,.34897441,.,.,.,.,.27713865,.,.,.,.,.,.,.,.55019142,.54013796,.5284678,.5198897,.,.,.528636
pe10,.96343231,8565.7167,5554.0818,753.21626,2865.8331,.,.,10721.461,11265.189,11697.067,11168.509,.,.,.49232354,.31110497,.30676294,.,.,.,.,.25719452,.,.,.,.,.,.,.,.52113286,.51074412,.4987316,.48825629,.,.,.49232354
pe13,.97234477,9873.9382,6736.9513,962.42814,3814.946,.,.,12999.577,13585.907,14054.293,13340.02,.,.,.47175489,.29125675,.28428554,.,.,.,.,.24488488,.,.,.,.,.,.,.,.49855443,.49003224,.47753569,.46612032,.,.,.47175489
pl86,.99991228,.,155841.01,.,39211.559,.,.,247004.15,280998.3,291540.46,.,.,.,.27978963,.,.,.,.,.,.,.13495619,.,.,.,.,.,.,.,.36705112,.28830617,.27104164,.,.,.,.
pl92,.99990517,.,17958885,.,.,.,.,20761135,25186024,28140554,.,.,.,.29293114,.,.,.,.,.,.,.13430837,.,.,.,.,.,.,.,.42216395,.3130994,.26137614,.,.,.,.
pl95,.98165831,.,3444.357,.,994.08983,.,.,3703.73,5388.3384,5835.7427,4898.4363,.,2881.0694,.34602231,.,.,.,.,.,.,.15636741,.,.15636741,.,.38942636,.,.,.,.58209628,.37649122,.33001599,.34168667,.38965703,.,.
pl99,.99370965,.,6718.9573,.,2041.9378,.,.,9140.1365,12620.314,13225.72,11771.064,.,5867.6357,.32110588,.,.,.,.,.,.,.14497861,.,.14497861,.,.35675502,.,.,.,.49494194,.32829426,.30068672,.29585686,.35693615,.,.
pl04,.99429413,.,8734.4653,.,2804.2178,.,.,11870.995,16402.379,17132.661,14536.511,.,8356.002,.35361859,.,.,.,.,.,.,.15857615,.,.15857615,.,.39407498,.,.,.,.55124427,.37147786,.34066702,.32917396,.39428297,.,.
pl07,.99325419,15449.288,11147.225,2952.866,4568.7592,10718.939,10913.511,16458.044,21315.305,22088.675,18637.96,10718.939,10913.511,.34327068,.21272726,.22092227,.21272726,.22092227,.37568352,.37356497,.15489752,.15447733,.15489752,.15447733,.39004216,.39001718,.38361271,.38340299,.51234001,.3558671,.33112011,.3202828,.39036486,.39035907,.34327068
pl10,.9936565,19082.003,14447.888,3990.493,6477.9843,13906.92,14114.684,21602.769,27315.776,28133.862,24303.627,13906.919,14114.684,.34200875,.20378128,.21415374,.20378128,.21415374,.37355564,.37111629,.15506044,.15491861,.15506044,.15491861,.38467492,.38460179,.37985309,.37926181,.49442806,.35049627,.32836459,.3196831,.38495201,.38489058,.34200875
pl13,.99111341,20500.086,15917.224,4355.0954,4430.7833,15622.002,15833.658,23707.613,29976.641,30865.005,26705.057,15622.002,15833.658,.34734932,.19615704,.20591762,.19615704,.20591762,.37979322,.37763691,.1578827,.15785438,.1578827,.15785438,.3880064,.38792964,.38483535,.38440965,.50591628,.35995462,.33777936,.33051064,.38824934,.38818126,.34734932
ro95,.99997071,2490447.7,1413332.2,283032.94,283032.99,.,.,2435836.7,2742912.2,2835999.7,2474818.4,.,.,.31301148,.20943576,.19959989,.,.,.,.,.14233661,.,.,.,.,.,.,.,.38257742,.31837048,.30386532,.28744462,.,.,.31301148
ro97,1,8202150.2,4570363.3,1051898.1,1051898.2,.,.,7619945.5,8625051.7,8994029.1,7958931.7,.,.,.30685892,.20776065,.18795742,.,.,.,.,.14107961,.,.,.,.,.,.,.,.3787988,.31531057,.29846748,.28523846,.,.,.30685892
ru00,.91123343,35657.803,15370.12,1334.6907,1334.8523,.,.,20754.599,24596.243,25188.547,.,.,.,.42006066,.2011645,.20123185,.,.,.,.,.21342513,.,.,.,.,.,.,.,.53870487,.4358384,.42680988,.,.,.,.42006066
ru04,.88619393,68385.852,43757.078,9785.0102,.,.,.,57202.807,68784.875,70423.962,.,.,.,.38216062,.21334701,.22704724,.,.,.,.,.20003241,.,.,.,.,.,.,.,.51644759,.40966976,.40161136,.,.,.,.37614701
ru10,.88810269,171937.38,131636.63,32492.282,.,.,.,166706.13,209675.09,216208.83,.,.,.,.34166041,.17648188,.17901484,.,.,.,.,.16942105,.,.,.,.,.,.,.,.46430322,.35553292,.34462435,.,.,.,.33076489
ru13,1,.,258345.23,.,.,.,.,372341.33,432646.81,458148.49,417618.31,.,232364.63,.36620244,.,.,.,.,.,.,.17716521,.,.,.,.,.,.,.,.46671172,.3839719,.35979573,.35158329,.,.,.
rs06,.98310203,224371.64,117062.45,35755.345,96214.226,.,.,150373.27,204855.96,209962.68,.,.,.,.36088426,.14142515,.14756674,.,.,.,.,.1771287,.,.,.,.,.,.,.,.48667409,.3578137,.34463304,.,.,.,.36088426
rs10,.99010186,292868.86,180163.59,46205.549,118430.61,.,.,206646.71,311665.02,318874.82,.,.,.,.33902526,.1414394,.14323866,.,.,.,.,.16284732,.,.,.,.,.,.,.,.53171202,.34842525,.33118343,.,.,.,.33902526
rs13,.98168931,373682.34,219812.45,58829.781,142648.5,.,.,249991.74,372362.38,382421.15,.,.,.,.35516572,.13427808,.13331805,.,.,.,.,.16845095,.,.,.,.,.,.,.,.55036309,.36691661,.3480687,.,.,.,.35516572
sk92,.99995808,.,25599.375,.,.,.,.,37896.033,45583.563,53385.082,46502.344,.,.,.20184124,.,.,.,.,.,.,.08677645,.,.,.,.,.,.,.,.40414441,.28262671,.2160994,.18997902,.,.,.
sk96,1,.,42562.422,.,.,.,.,55831.083,69786.079,76157.627,.,.,.,.26278677,.,.,.,.,.,.,.12069671,.,.,.,.,.,.,.,.43415908,.29689207,.25005963,.,.,.,.
sk04,.99814557,.,83615.638,30701.009,32505.833,.,.,191545.21,220495.96,230996.02,152023.83,.,.,.26987626,.,.,.,.,.,.,.12599428,.,.,.,.,.,.,.,.45478614,.35372315,.32968277,.26876433,.,.,.
sk07,.99917118,.,118164.14,29966.588,50314,.,.,247029.79,287648.71,296966.75,211724.58,.,.,.24687329,.,.,.,.,.,.,.117783,.,.,.,.,.,.,.,.41728643,.31123292,.29607629,.2485894,.,.,.
sk10,.99955045,.,4696.689,1305.963,2206.5942,.,.,9098.7515,10751.091,11181.439,8342.1171,.,.,.27353832,.,.,.,.,.,.,.12684812,.,.,.,.,.,.,.,.43290028,.32287639,.30235491,.26677864,.,.,.
sk13,.99918415,.,5048.2908,1344.6426,2172.8376,.,.,10574.27,12278.264,12727.287,8957.0361,.,.,.28092543,.,.,.,.,.,.,.12814109,.,.,.,.,.,.,.,.42935589,.33075372,.31175565,.27210232,.,.,.
si97,1,1443668.8,739617.44,134245.47,134245.47,666314.69,669955.76,996517.95,1269130.7,1348924.3,.,666314.69,669955.8,.24121954,.15149605,.15796626,.15149605,.15796626,.2664373,.26471194,.11503246,.11517807,.11503246,.11517807,.27668578,.2767859,.28020344,.28074896,.36927128,.25608709,.23093712,.,.27714341,.27725492,.24121954
si99,1,1517615,851666.77,154642.37,154642.37,788214.74,792428.25,1149131.3,1466903.5,1557158.6,.,788214.73,792428.26,.24043558,.14775052,.1543333,.14775052,.1543333,.26890314,.26686178,.1160754,.11621623,.1160754,.11621623,.27863192,.27856054,.28267019,.28323017,.37470065,.25874672,.23319422,.,.27918033,.27911684,.24043558
si04,.99975694,2217673.2,1385184.3,252591.43,252591.43,1256645.1,1264950.6,1770858.2,2276568.3,2417701,.,1256645.1,1264950.6,.24115233,.14815206,.15745726,.14815206,.15745726,.26763713,.26496699,.1154127,.11567478,.1154127,.11567477,.27696071,.27685582,.28010972,.28020573,.39925592,.26184307,.23271137,.,.27754167,.27744851,.24115233
si07,1,10243.566,6880.5047,1259.9577,3406.2178,6092.5586,6134.4329,8742.1411,11003.941,11811.257,.,6092.5586,6134.433,.23765422,.14345456,.15458517,.14345456,.15458517,.26426235,.26110011,.11263259,.1129662,.11263259,.1129662,.27296848,.27284689,.27503507,.27457785,.3990588,.26277152,.2317871,.,.27358721,.27348061,.23765422
si10,.99965672,11456.452,8017.9512,1527.4874,4266.0307,7344.3831,7403.9276,10003.332,12640.097,13563.72,.,7344.3833,7403.9278,.25663501,.1455349,.15742869,.1455349,.15742869,.28815243,.28475258,.1248285,.12528743,.1248285,.12528743,.29402653,.29386223,.29776055,.29704749,.41886509,.28276605,.25378148,.,.29463599,.29448877,.25663501
si12,1,11359.589,8596.1418,1824.7351,3530.2731,8062.8291,8123.9526,10400.932,13505.388,14514.672,.,8062.8289,8123.9524,.27340404,.10510221,.11876197,.10510221,.11876197,.32311302,.31904383,.13315493,.1339087,.13315493,.1339087,.31482748,.31457355,.33194431,.33086818,.45237126,.30579721,.27253896,.,.31550511,.31527376,.27340404
za08,.96203437,27414.253,18162.901,3070.2687,8451.88,.,19332.12,33311.62,34322.947,37421.323,32545.891,.,19332.12,.69628296,.55717883,.53251938,.55717883,.,.72573511,.,.39094879,.,.39094879,.,.76093056,.,.74036161,.,.76364475,.75830887,.68406247,.6767979,.7610726,.,.69628296
za10,.94346398,24279.764,23089.091,2980.0306,8650.15,.,23507.974,34210.801,36260.918,40137.848,33599.334,.,23507.973,.74013231,.53409583,.52390702,.53409583,.,.78211363,.,.37067178,.,.37067178,.,.81541238,.,.80221357,.,.73951357,.73071573,.64366468,.61364823,.81557951,.,.74013231
za12,.97885942,26113.51,23871.338,3801.081,9934.5627,.,24430.84,46327.622,48144.583,52926.927,41899.059,.,24430.84,.65722349,.50575309,.50485317,.50575309,.,.6903781,.,.3511138,.,.3511138,.,.72422632,.,.70057343,.,.74628396,.74037186,.65975641,.61027601,.72439385,.,.6572235
kr06,.99572269,12045735,9903055.2,1213779.3,.,.,.,17383554,17659750,17990110,16608168,.,.,.31687819,.17061387,.17873195,.,.,.,.,.15999673,.,.,.,.,.,.,.,.36099185,.3531007,.34194182,.33517666,.,.,.31687819
kr08,.99416903,13071021,10982938,1318194.6,.,.,.,19125106,19501542,19965479,18340439,.,.,.32315934,.17221241,.17904231,.,.,.,.,.16375731,.,.,.,.,.,.,.,.37623791,.36665837,.35250266,.34484697,.,.,.32315934
kr10,.99421336,14290615,11780044,1476454.7,.,.,.,20662098,21130545,21694930,19849026,.,.,.32001614,.17135911,.17966125,.,.,.,.,.16242073,.,.,.,.,.,.,.,.36468336,.35394125,.33880926,.33243091,.,.,.32001614
kr12,.99538027,15477747,13218286,1650341.5,.,.,.,23155299,23699702,24322958,22129387,.,.,.31543084,.16958501,.17913199,.,.,.,.,.1602559,.,.,.,.,.,.,.,.36257169,.35155661,.337416,.33082555,.,.,.31543084
es80,.99886653,471544.23,176248.29,85380.859,85380.859,.,.,296112.05,296112.05,348777.9,.,.,.,.34466216,.18422598,.17768944,.,.,.,.,.1687716,.,.,.,.,.,.,.,.41950522,.41950522,.32028888,.,.,.,.34466216
es85,.99374316,688489.93,308534.05,58986.702,147812.96,.,.,468461.07,566788.63,590281.71,.,.,.,.34447023,.18795182,.18515582,.,.,.,.,.16529916,.,.,.,.,.,.,.,.43591265,.33760578,.31424172,.,.,.,.34447023
es90,.99854262,1081779.1,546744.05,127047.01,309397.08,.,.,811383.93,990365.45,1030695.7,.,.,.,.32234827,.15046736,.14462575,.,.,.,.,.15715174,.,.,.,.,.,.,.,.42920789,.32772538,.30817589,.,.,.,.32234827
es95,.97524449,.,870527.1,86118.64,86119.02,.,.,1210051.4,1494850,1562141.1,.,.,.,.36402252,.,.,.,.,.,.,.18173254,.,.,.,.,.,.,.,.50778715,.37961104,.35404139,.,.,.,.
es00,.95248249,.,1224090.7,20255.293,20255.817,.,.,1707481.5,2084957.5,2151290.1,.,1143106.1,1158565.5,.34229171,.,.,.,.,.,.,.17121903,.1708294,.17121903,.1708294,.37383814,.37387554,.,.,.48133581,.35766681,.34052837,.,.3740059,.37411488,.
es04,.99222476,.,8049.9327,1396.2414,4844.1753,.,.,10799.576,13233.153,13689.24,13872.226,7352.1478,7481.8323,.33208117,.,.,.,.,.,.,.16379878,.15951531,.16379878,.15951531,.3626796,.35268271,.,.,.45181082,.33568356,.32305947,.32144735,.36283674,.35283606,.
es07,.99416033,.,9863.4387,1491.0874,4595.599,.,.,20417.258,23154.226,23975.857,16735.15,9477.7032,9674.8523,.31762609,.,.,.,.,.,.,.15562815,.15740294,.15562815,.15740294,.34803973,.34771432,.,.,.44257103,.35704394,.33819582,.30681668,.34821869,.34791344,.
es10,.98543615,.,9730.3535,1803.4973,4895.5333,.,.,18207.137,21516.798,22632.987,16202.04,8736.5603,8977.3025,.34220827,.,.,.,.,.,.,.16864631,.17179041,.16864631,.17179041,.36915802,.3685356,.,.,.50233771,.39556127,.36722703,.33466417,.36927731,.36867245,.
es13,.99243948,.,10661.857,1881.3031,4759.5115,.,.,18879.657,23004.469,24556.046,17393.854,9667.7595,9964.0174,.3599701,.,.,.,.,.,.,.17292533,.17619105,.17292533,.17619105,.39382378,.39311678,.,.,.52496442,.42055204,.38767439,.34604722,.39399518,.39331871,.
se67,.94069812,.,7440.3034,.,.,.,.,14888.047,15945.079,16895.13,12023.489,.,.,.29812325,.,.,.,.,.,.,.13125861,.,.,.,.,.,.,.,.39234701,.33897038,.31693748,.26049464,.,.,.
se75,.99704918,.,17811.611,.,.,.,.,30820.609,34579.771,38276.27,26488.682,.,.,.24143947,.,.,.,.,.,.,.09809237,.,.,.,.,.,.,.,.40617411,.31880786,.2758645,.21546634,.,.,.
se81,.99734184,.,34445.502,.,5540.062,.,.,52249.264,62953.788,71318.907,50175.941,.,.,.22782248,.,.,.,.,.,.,.08400639,.,.,.,.,.,.,.,.41175112,.29302629,.2399419,.19631807,.,.,.
se87,.99763864,.,55035.23,.,.,.,.,84464.606,103173.94,116927.14,79047.229,.,.,.23052771,.,.,.,.,.,.,.09313603,.,.,.,.,.,.,.,.43710019,.30981437,.25688958,.21654771,.,.,.
se92,.99799595,.,90811.924,.,.,.,.,121604.83,150998.58,175684.18,131474.02,.,.,.24899294,.,.,.,.,.,.,.10527367,.,.,.,.,.,.,.,.46805407,.34481976,.26304853,.2322294,.,.,.
se95,.99831851,.,93933.084,.,.,.,.,125722.18,158405.38,188476.35,134376.22,.,87786.734,.25222512,.,.,.,.,.,.,.10151413,.,.10151413,.,.29689582,.,.,.,.49948594,.37339468,.2663165,.22540047,.2976897,.,.
se00,.99852536,.,110422.69,34078.047,34078.049,.,.,229877.89,267056.99,294864.82,167293.62,100103.11,111513.16,.27238702,.,.,.,.,.,.,.11851647,.12458104,.11851647,.12458104,.31858394,.31506727,.,.,.48907355,.37939649,.32414276,.26064483,.31950296,.31633815,.
se05,.99925289,.,134937.81,40114.576,40114.576,.,.,261871.46,311237.01,343738.77,201768.87,120418.72,133093.77,.25968189,.,.,.,.,.,.,.1084722,.10718495,.1084722,.10718495,.30462578,.29322985,.,.,.48321665,.36228669,.30668201,.24368942,.30556685,.29433474,.
ch82,.99411303,.,22646.05,.,3259.7285,.,.,37112.178,40146.722,40400.168,33239.166,.,.,.35712837,.,.,.,.,.,.,.14943043,.,.,.,.,.,.,.,.4182787,.35373253,.3482092,.32529305,.,.,.
ch92,.96710278,.,29331.721,8784.7788,8980.0213,.,.,47603.757,53722.509,54567.909,45589.638,.,.,.33613209,.,.,.,.,.,.,.14375775,.,.,.,.,.,.,.,.40648519,.33166193,.32095606,.30563309,.,.,.
ch00,.99725986,34709.472,31794.94,7625.591,7625.5926,.,27873.28,53860.282,62129.374,64323.789,48385.158,.,27873.281,.33434425,.15509805,.1639121,.15509805,.,.35329033,.,.13886253,.,.13886254,.,.35500641,.,.35554251,.,.40439342,.3087413,.29053421,.29448832,.35507629,.,.33434424
ch02,.99652616,35135.526,33391.29,7595.711,7595.7123,.,29221.885,56838.646,65970.741,68409.555,51138.679,.,29221.887,.31687855,.15069508,.15664125,.15069508,.,.33422412,.,.13409762,.,.13409762,.,.3359565,.,.33617301,.,.40588271,.30404771,.28353464,.28145323,.33602423,.,.31687855
ch04,.99330793,36143.625,32731.622,7805.1947,7805.196,.,29072.99,54521.109,63687.04,66648.3,49206.629,.,29072.988,.3156593,.13596308,.14076643,.13596308,.,.3351724,.,.13152835,.,.13152835,.,.33565396,.,.33715284,.,.4064886,.29909003,.27128743,.27365881,.33572772,.,.3156593
ch07,.99535941,.,36869.213,12111.385,17391.66,.,.,73099.717,83418.21,85626.071,57244.115,.,31663.986,.34769057,.,.,.,.,.,.,.15452177,.,.15452177,.,.36850795,.,.,.,.41981884,.33024256,.31794268,.31972136,.36858382,.,.
ch10,.99889267,.,38218.403,9578.575,11611.358,.,.,72226.743,82731.664,85820.615,59267.796,.,32854.693,.32855887,.,.,.,.,.,.,.14536101,.,.14536101,.,.34895976,.,.,.,.42560043,.32586552,.30754678,.30736382,.3490465,.,.
ch13,.99926171,.,39296.48,9429.0967,12076.117,.,.,72791.94,84194.341,87786.006,60004.868,.,32840.787,.32776795,.,.,.,.,.,.,.1433443,.,.1433443,.,.34763536,.,.,.,.43661668,.33466265,.31038115,.30406774,.34772364,.,.
tw81,.99995945,85291.507,56968.707,14443.857,21868.007,.,.,121781.29,121834.48,122287.84,120955.53,.,.,.29967714,.16762385,.15852708,.,.,.,.,.14895173,.,.,.,.,.,.,.,.28098598,.28074466,.27993643,.27555378,.,.,.29967714
tw86,.99985015,114585.49,79587.597,18474.933,28305.27,.,.,164905.45,165084.64,165825.11,163471.52,.,.,.2971076,.16042277,.15938127,.,.,.,.,.14722057,.,.,.,.,.,.,.,.29177621,.29137698,.29005399,.28441799,.,.,.2971076
tw91,.999932,191367.19,152282.7,36514.818,51952.834,.,.,302370.15,303582.05,306382.43,301790.92,.,.,.29970238,.16416928,.16069144,.,.,.,.,.14792667,.,.,.,.,.,.,.,.29710224,.29530605,.29191369,.28660472,.,.,.29970238
tw95,.9994206,.,214184.72,.,74783.647,.,.,404576.4,413662.27,438422.01,426599.49,.,.,.30575947,.,.,.,.,.,.,.15551619,.,.,.,.,.,.,.,.3142751,.30965807,.3049303,.3013961,.,.,.
tw97,.99998384,.,226098.58,.,81816.521,.,.,438519.88,448935.57,460756.58,439851.77,.,.,.3082329,.,.,.,.,.,.,.154451,.,.,.,.,.,.,.,.31812821,.31030625,.30554095,.30438776,.,.,.
tw00,.99990982,.,247128.41,.,88376.833,.,.,458227.39,471049.46,488357.22,465732.02,.,.,.31112538,.,.,.,.,.,.,.15503858,.,.,.,.,.,.,.,.32917329,.31908527,.31270602,.31045793,.,.,.
tw05,.99988897,.,254860.75,.,88708.494,.,.,444182.99,464705.02,490208.5,465469.75,.,.,.32181078,.,.,.,.,.,.,.16282282,.,.,.,.,.,.,.,.35452283,.34447818,.3362061,.33379415,.,.,.
tw07,.99990532,308503.6,247692.7,25011.941,91904.928,.,.,458090.6,476318.26,501078.47,446793.39,.,.,.32126498,.15662767,.1608654,.,.,.,.,.16411272,.,.,.,.,.,.,.,.36085861,.34316165,.33190726,.33699763,.,.,.32126498
tw10,.99949889,308644.55,238640.87,26459.26,95649.596,.,.,439341.19,460515.92,480570.76,417710.54,.,.,.33214856,.1593237,.16308024,.,.,.,.,.16889109,.,.,.,.,.,.,.,.36530775,.34913538,.33859589,.35225176,.,.,.33214856
tw13,.99915186,332333.05,252524.99,28220.242,101149.38,.,.,458460.25,481289.41,512195.49,439783.41,.,.,.32486608,.15601616,.15947719,.,.,.,.,.16432749,.,.,.,.,.,.,.,.37397775,.35551437,.33914321,.34745506,.,.,.32486608
uk69,.99959606,.,385.21397,.,.,.,.,754.86586,810.39608,896.51226,792.17316,.,.,.33650324,.,.,.,.,.,.,.14828059,.,.,.,.,.,.,.,.36772315,.32444225,.29066821,.2673604,.,.,.
uk74,.99952567,.,846.35824,.,.,.,.,1525.1052,1659.0669,1823.8176,1582.6352,.,.,.299731,.,.,.,.,.,.,.13842677,.,.,.,.,.,.,.,.38028904,.32122772,.28759736,.26719975,.,.,.
uk79,.99743366,.,1840.4865,.,.,.,.,3230.7087,3564.3193,4241.5441,3478.139,.,.,.28424045,.,.,.,.,.,.,.13464451,.,.,.,.,.,.,.,.41679204,.34505327,.2714833,.25073093,.,.,.
uk86,.98848882,5525.2501,3475.8726,524.81436,943.10342,.,.,5694.6798,6518.7705,8127.5811,6529.2733,.,.,.31848966,.16263819,.16099255,.,.,.,.,.14823626,.,.,.,.,.,.,.,.50377649,.41654393,.31701811,.29474143,.,.,.31848966
uk91,.99658792,8912.9496,5638.8392,1628.5386,2455.954,.,.,9732.299,11024.508,13057.674,10284.916,.,.,.35930681,.22197165,.22224479,.,.,.,.,.17245435,.,.,.,.,.,.,.,.51068824,.43059587,.34905387,.32825384,.,.,.35930681
uk94,.99582533,.,6551.0015,1487.446,1487.4516,.,.,10426.017,12169.57,14973.402,12228.37,.,.,.36109348,.,.,.,.,.,.,.17178727,.,.,.,.,.,.,.,.54564554,.44769102,.35138577,.33458011,.,.,.
uk95,.98837397,10171.379,6465.3443,1946.6991,1946.756,5585.6798,5921.1911,10483.285,12165.653,14917.046,12015.269,5585.6795,5921.1907,.36273226,.19675165,.21848999,.19675165,.21848999,.39419616,.3898013,.17587349,.1801361,.17587349,.1801361,.3981539,.39699893,.39796188,.39528559,.5456227,.45537025,.36158185,.34075809,.39837686,.39726565,.36273226
uk99,.99463687,.,8271.105,763.53561,763.54384,.,.,14435.482,16441.519,19728.234,15088.049,7620.4976,8041.1038,.36951757,.,.,.,.,.,.,.17666961,.1909412,.17666961,.1909412,.40771455,.4045839,.,.,.55140692,.46489979,.36850076,.34063636,.40797145,.40512891,.
uk04,.98118659,.,10687.845,908.72259,908.74055,.,.,18494.892,21097.685,25287.981,19316.396,10136.682,10650.028,.37101365,.,.,.,.,.,.,.17520459,.18606805,.17520459,.18606805,.40807418,.40571606,.,.,.55187766,.46081471,.36677876,.34340011,.40831922,.40620911,.
uk07,.9960628,.,12399.447,675.49198,3957.086,.,.,20709.845,23422.79,25415.329,19419.727,11848.733,12519.016,.35972551,.,.,.,.,.,.,.17038095,.18060716,.17038095,.18060716,.39380575,.39165414,.,.,.54415627,.46223661,.39164141,.345508,.39402604,.39220979,.
uk10,.99401271,.,13043.466,918.84108,4250.1895,.,.,21138.439,24281.24,26706.066,20429.278,11511.294,12309.136,.3522434,.,.,.,.,.,.,.16702267,.17935945,.16702267,.17935944,.38355354,.38108116,.,.,.56531798,.4734622,.39151065,.34067542,.38375439,.38164786,.
uk13,.99550694,.,13998.082,1078.8037,4192.9129,.,.,22430.986,26067.749,28497.936,22119.112,12684.385,13670.957,.34962367,.,.,.,.,.,.,.16575258,.17809317,.16575258,.17809317,.38420555,.38140398,.,.,.56020995,.46536274,.38450045,.3350884,.38443994,.38212663,.
us74,.99283177,.,3617.1318,.,.,.,.,7119.471,7644.0678,7782.8949,6356.9281,.,.,.35201091,.,.,.,.,.,.,.16684451,.,.,.,.,.,.,.,.41387096,.36801563,.3524656,.31723308,.,.,.
us79,.99627243,.,5753.0969,0,909.23678,.,.,10986.402,11898.548,12270.547,9757.518,.,.,.34509277,.,.,.,.,.,.,.16241387,.,.,.,.,.,.,.,.43114839,.3821973,.35796426,.31297665,.,.,.
us86,.99578892,.,9292.2459,0,1842.1044,.,.,17329.092,18939.872,19455.011,15345.478,.,.,.37401247,.,.,.,.,.,.,.17813764,.,.,.,.,.,.,.,.46186613,.410771,.38778413,.34372676,.,.,.
us91,.99684916,.,11817.908,0,2879.1372,.,.,21168.316,23400.686,24164.843,19291.913,.,.,.38130353,.,.,.,.,.,.,.18025653,.,.,.,.,.,.,.,.47272522,.41831218,.39116118,.34921262,.,.,.
us94,.99636498,.,13368.047,0,2788.5531,.,.,24162.419,26728.663,27611.776,21903.611,.,.,.40055425,.,.,.,.,.,.,.18986422,.,.,.,.,.,.,.,.50359902,.44619189,.41838006,.37410757,.,.,.
us97,.99563445,.,15383.219,0,2548.4782,.,.,28284.04,31134.345,31959.772,25044.773,.,.,.40518563,.,.,.,.,.,.,.19051599,.,.,.,.,.,.,.,.50062468,.44440512,.42167211,.37617969,.,.,.
us00,.99542949,.,17573.283,0,2821.5574,.,.,35209.814,38357.478,39097.03,28642.409,.,15980.709,.40128535,.,.,.,.,.,.,.18818338,.,.18818338,.,.41629529,.,.,.,.49217034,.43926644,.42349948,.37444903,.41632448,.,.
us04,.99362034,.,19521.689,0,2288.189,.,.,37153.441,40817.746,42061.097,31809.893,.,17376.376,.4016024,.,.,.,.,.,.,.19213476,.,.19213476,.,.41562615,.,.,.,.50244444,.44452612,.42261323,.37881291,.41565296,.,.
us07,.99028433,.,22107.953,0,2633.4504,.,.,42119.037,46169.104,47397.083,35872.373,.,19982.244,.40663467,.,.,.,.,.,.,.1945247,.,.1945247,.,.42087439,.,.,.,.49372464,.43943955,.41950178,.38218009,.42090129,.,.
us10,.99307802,.,22296.521,0,3139.2365,.,.,41094.67,45709.931,47946.324,36089.043,.,19509.454,.39962117,.,.,.,.,.,.,.19321666,.,.19321666,.,.41215391,.,.,.,.51697622,.45385384,.42068216,.37490686,.41217568,.,.
us13,.9940466,.,24031.374,0,3887.7502,.,.,44831.098,50071.11,51717.108,38848.221,.,21260.7,.40652712,.,.,.,.,.,.,.19843049,.,.19843049,.,.42005467,.,.,.,.52111655,.45434786,.428394,.38545945,.42007948,.,.
uy04,1,.,51072.005,.,33988.429,.,.,63857.883,83409.842,86577.695,.,.,.,.47034484,.,.,.,.,.,.,.22634652,.,.,.,.,.,.,.,.57179056,.47343363,.45000152,.,.,.,.
uy07,.96357021,.,77336.124,314.07183,21041.9,.,.,99779.157,121511.98,126990.5,.,.,.,.46601626,.,.,.,.,.,.,.22429387,.,.,.,.,.,.,.,.56466395,.48387909,.44758961,.,.,.,.
uy10,.96239139,.,110191.74,5254.2997,36220.718,.,.,141880.83,173790.25,181388.15,.,.,.,.43669848,.,.,.,.,.,.,.20771385,.,.,.,.,.,.,.,.5319889,.44751444,.4164195,.,.,.,.
uy13,.9669481,.,153668.42,8295.4869,55736.898,.,.,202219.52,247038.27,255294.52,.,.,.,.40359447,.,.,.,.,.,.,.19228392,.,.,.,.,.,.,.,.4882796,.40846143,.38503097,.,.,.,.
uy16,.97472709,.,210230.64,13069.416,75208.294,.,.,271371.42,332879.61,344756.85,.,.,.,.39594592,.,.,.,.,.,.,.18760141,.,.,.,.,.,.,.,.48449847,.40179665,.3762292,.,.,.,.
